,ID MASTER,Title,Link,Data,Description,Text
0,1,ASSITECA - il più grande broker assicurativo italiano,https://www.assiteca.it/,13 gen 2014 , ASSITECA è il più grande broker assicurativo italiano e offre servizi professionali e consulenza sulla gestione integrata dei rischi aziendali.,"Assiteca è il più grande broker assicurativo italiano. Dal luglio 2015 è il primo broker quotato alla Borsa Italiana - Segmento AIM Italia.Assiteca arricchisce l’attività tradizionale di brokeraggio assicurativo con specifici servizi di consulenzaProdotti esclusivi e innovativi, divisioni specialistiche con competenze specifiche in particolari aree di rischio.Scopri le ultime news e gli approfondimenti dedicati alla gestione del rischioL'attenzione nei confronti della collettività, della cultura, del territorio e del sociale caratterizza da sempre l'attività di ASSITECA. Un comportamento equo e giusto, che tenga conto dell'impatto che le decisioni e le strategie adottate …Offrire una gestione integrata dei rischi attraverso una metodologia di lavoro che coniuga consulenza e intermediazione assicurativa consente di  costruire un efficace sistema di controllo utile a prevenire, mitigare e proteggere l'azienda.I …"
1,1,"Assiteca, il broker assicurativo si sposta sui servizi di ...",https://www.repubblica.it/economia/affari-e-finanza/2017/12/04/news/assiteca_il_broker_assicurativo_si_sposta_sui_servizi_di_consulenza_si_devono_prevenire_i_rischi-182969709/,4 dic 2017 ," Assiteca, il broker assicurativo si sposta sui servizi di consulenza “Si devono prevenire i rischi”. 04 Dicembre 2017 pubblicato + di un anno fa 1° minuti di lettura."," Assiteca, il broker assicurativo si sposta sui servizi di consulenza “Si devono prevenire i rischi”. 04 Dicembre 2017 pubblicato + di un anno fa 1° minuti di lettura."
2,1,Tris di pretendenti su Assiteca Assinews.it,https://www.assinews.it/04/2019/tris-pretendenti-assiteca/660062121/,5 apr 2019 ," Tris di pretendenti su Assiteca. 5 Aprile 2019. Dopo la generosa offerta di Aon, altri operatori pronti a investire nel broker. A ...","Dopo la generosa offerta di Aon, altri operatori pronti a investire nel broker A manifestare interesse sarebbero stati Toscafunds, Ggh Holding e Ta Associates. Ma la decisione finale sulla vendita dipende dal presidente Lucca (ancora incerto) che detiene il 79% del capitale di Anna MessiaTorna alto l’interesse su Assiteca  con tre nuovi pretendenti che, secondo quanto risulta a MF-Milano Finanza, si sarebbero fatti avanti nelle scorse settimane interessati a valutare un investimento nella società. Già nei mesi scorsi, il primo broker assicurativo italiano indipendente, unico quotato a Piazza Affari da luglio 2015, era stato oggetto di desideri. C’è stato un momento in cui il presidente, fondatore e azionista della società con poco meno del 79%, Luciano Lucca, sembrava interessato a valutare l’ipotesi dare vita ad un riassetto nel capitale di Assiteca  e l’interesse di possibili acquirenti era sembrato subito altissimo.A farsi avanti l’estate scorsa erano stati i grandi broker internazionali, Aon e Marsh, che per accaparrarsi Assiteca  sarebbero stati pronti a mettere sul piatto un cifra superiore ai 100 milioni di euro (ieri il broker capitalizzava in borsa 72,5 milioni). Nel frattempo Lucca era tornato sui suoi passi, rimandando le ipotesi di vendita e spingendo anzi la società con entusiasmo verso nuovi progetti di sviluppo. Poi lo stesso Lucca avrebbe dato mandato a un consigliere di fiducia di sondare di nuovo il mercato in cerca di possibile interessi e anche questa volta la risposta è stata subito pronta.A manifestare interesse è stata in particolare Toscafunds, società fondata nel 2000 da Martin Hughes e che nel 2016 è entrata anche nel capitale di Banca Carige  e altre due imprese che operano già nel settore del brokeraggio assicurativo. Si tratta in particolare di Ggh holding, il gruppo General Holding di Massimo Giannolli, composto da Generalfinance (partecipato dal Credito Valtellinese ) e da Generalbroker, che dal 1991 svolge attività di intermediazione assicurativa e riassicurativa. Il terzo pretendente sarebbe poi il gruppo internazionale TA Associates, uno dei colossi del private equity Usa, che in Italia a gennaio ha rilevato una quota di List spa, società di Pisa, sviluppatore di applicazioni per l’industria finanziaria, tra i principali fornitori di tecnologia per i capital market in Europa. Insomma, ancora una volta operatori di primo piano sono pronti a farsi avanti per la società di brokeraggio fondata da Lucca, che ha chiuso il semestre a dicembre 2018 (sfasato di sei mesi) con ricavi in crescita del 4% a 39 milioni, utile netto salito del 12%, a 7,3 milioni ed ebitda di 8,5 milioni (+8%). Secondo Lucca la società è pronta a procedere a nuove acquisizioni: «Dopo aver definito l’operazione Assidea contiamo di chiudere entro giugno altre trattative per acquisire società di brokeraggio assicurativo». Anche Aon, se il dossier tornasse caldo, potrebbe farsi di nuovo avanti visto che in più occasioni il gruppo ha fatto sapere di voler crescere in tutta Europa, dall’Inghilterra alla Francia, passando per la Germania e per l’Italia. (riproduzione riservata)I dati dei veicoli plasmeranno i servizi dell’assicurazione auto del futuro 16 Novembre 20202019. Nuovi record per i rami danni non auto 4 Novembre 2020La “Ballata del Cerutti” ovvero furto e assicurazione della R.C.A. 4 Novembre 2020Presunzione di colpa concorrente 4 Novembre 2020TUTTA ITALIA (ad esclusione di Campania e Puglia)Assicura Point Trade Srl ti aiuta a far crescere il tuo Portafoglio Clienti e a raddoppiare i tuo Guadagni.I nostri prodotti RCA E NON SOLO: Sei un Intermediario Assicurativo, un Agente o un Broker e hai difficoltà a stipulare nuove polizze RCA e NON? Scegli Noi.Leggi l’annuncio completo… TUTTA ITALIADiventa collaboratore di Facile.it Partner Facile.it Broker di Assicurazioni S.p.A ricerca nuovi collaboratori per la sviluppare la propria rete di intermediari assicurativi su tutto il territorio italiano. > Maggiori info  VEDI TUTTI GLI ANNUNCIAssicura Point Trade Srl ti aiuta a far crescere il tuo Portafoglio Clienti e a raddoppiare i tuo Guadagni.I nostri prodotti RCA E NON SOLO: Sei un Intermediario Assicurativo, un Agente o un Broker e hai difficoltà a stipulare nuove polizze RCA e NON? Scegli Noi.Diventa collaboratore di Facile.it Partner Facile.it Broker di Assicurazioni S.p.A ricerca nuovi collaboratori per la sviluppare la propria rete di intermediari assicurativi su tutto il territorio italiano. > Maggiori infoNecessary cookies are absolutely essential for the website to function properly. This category only includes cookies that ensures basic functionalities and security features of the website. These cookies do not store any personal information.Any cookies that may not be particularly necessary for the website to function and is used specifically to collect user personal data via analytics, ads, other embedded contents are termed as non-necessary cookies. It is mandatory to procure user consent prior to running these cookies on your website."
3,1,"Assicurazioni, Assiteca acquisisce l'80% di Assita - InsurZine",https://insurzine.com/assicurazioni-assiteca-acquisisce-l80-di-assita/,1 ago 2019 ," Il broker assicurativo Assiteca ha annunciato l'acquisto dell'80%, pari a 2,8 milioni di euro, del capitale azionario di Assita.","Assicurazioni, Assiteca acquisisce l’80% di Assita.Il broker assicurativo Assiteca ha annunciato l’acquisto dell’80%, pari a 2,8 milioni di euro, del capitale azionario di Assita, agenzia plurimandataria specializzata nell’assicurazione di responsabilità civile professionale. Il 20% viene mantenuto da Daniela Bernuzzi Bassi, moglie del fondatore di Assita, Enrico Bassi e ora presidente del nuovo Consiglio di amministrazione della società.“L’acquisizione di Assita” dichiara il presidente di Assiteca Luciano Lucca “rientra nella strategia di crescita per linee esterne di Assiteca volta al rafforzamento delle competenze e dell’offerta di prodotti e servizi in settori specialistici, quali appunto quello della R.C. Professionale, ramo assicurativo che negli ultimi anni, anche a seguito di aggiornamenti normativi che per alcuni ordini hanno previsto l’obbligo di assicurazione, ha conosciuto un importante sviluppo”.Nell’operazione, Assiteca. è stata assistita da KT&Partners.Seguici sui nostri canali social: Facebook e Twitter"
4,1,"Assiteca chiude l'aumento di capitale riservato a Tikehau, che ...",https://bebeez.it/2019/11/06/assiteca-chiude-laumento-capitale-riservato-tikehau-compra-2343-lucca-si-diluisce-al-6038/,6 nov 2019 ," Assiteca è il più grande broker assicurativo italiano ed è quotato all'Aim Italia. Il suo bilancio consolidato del primo semestre 2019 ha registrato ricavi lordi per 70,7 ...","BeBeez seleziona per voi i libri più interessanti in commercio a livello internazionale sui temi del private equity, venture capital, private debt, crowdfunding, social lending e finanza e storie d'impresa. Il servizio è in affiliazione con Amazon, ma stiamo lavorando per affiliarci anche ad altri distributori per ampliare la gamma di proposte. Editori e distributori interessati possono contattarci a [email protected] Sempre in questa sezione saranno disponibili anche libri editi e messi in vendita da EdiBeez. BeBeez è disponibile ad affiancare gli imprenditori che intendono raccontare la storia della loro impresa e trasformarla in un libro e in un video (in questo caso in collaborazione con ClassCnbc, gruppo Class Editori). Per richieste e quotazioni scrivere a [email protected]BeBeez è letto da imprenditori e manager d'impresa, da avvocati d'affari, consulenti specializzati in finanza d'impresa e m&a, da manager di banche d'affari e intermediari finanziari, da manager di fondi di private equity, venture capital e private debt, da startupper, manager di incubatori e acceleratori d'azienda, da studenti e professori universitari. BeBeez può mettere in relazione tutte queste persone. Chi ha un posto di lavoro da offrire, può comunicarlo qui.Chi sta cercando lavoro potrà comunicare direttamente con chi lo offre, inviando il suo cv solo con un click. Per pubblicare un'offerta di lavoro, clicca qui.Sono riorganizzate qui per settore di attività tutte le notizie pubblicate da BeBeez sulle varie società partecipate o finanziate dai fondi di private equity, venture capital o private debt oppure da business angel o tramite equity crowdfunding. Sempre organizzato per settore sarà a breve disponibile gratuitamente il database aggiornato delle società partecipate. Mentre è in preparazione un database completo e interattivo che sarà possibile acquistare online. Per essere tenuti aggiornati su tempi di pubblicazione e costi del database, scrivere a [email protected].BeBeez seleziona per voi i libri più interessanti in commercio a livello internazionale sui temi del private equity, venture capital, private debt, crowdfunding, social lending e finanza e storie d'impresa. Il servizio è in affiliazione con Amazon, ma stiamo lavorando per affiliarci anche ad altri distributori per ampliare la gamma di proposte. Editori e distributori interessati possono contattarci a [email protected] Sempre in questa sezione saranno disponibili anche libri editi e messi in vendita da EdiBeez. BeBeez è disponibile ad affiancare gli imprenditori che intendono raccontare la storia della loro impresa e trasformarla in un libro e in un video (in questo caso in collaborazione con ClassCnbc, gruppo Class Editori). Per richieste e quotazioni scrivere a [email protected]BeBeez è letto da imprenditori e manager d'impresa, da avvocati d'affari, consulenti specializzati in finanza d'impresa e m&a, da manager di banche d'affari e intermediari finanziari, da manager di fondi di private equity, venture capital e private debt, da startupper, manager di incubatori e acceleratori d'azienda, da studenti e professori universitari. BeBeez può mettere in relazione tutte queste persone. Chi ha un posto di lavoro da offrire, può comunicarlo qui.Chi sta cercando lavoro potrà comunicare direttamente con chi lo offre, inviando il suo cv solo con un click. Per pubblicare un'offerta di lavoro, clicca qui.Sono riorganizzate qui per settore di attività tutte le notizie pubblicate da BeBeez sulle varie società partecipate o finanziate dai fondi di private equity, venture capital o private debt oppure da business angel o tramite equity crowdfunding. Sempre organizzato per settore sarà a breve disponibile gratuitamente il database aggiornato delle società partecipate. Mentre è in preparazione un database completo e interattivo che sarà possibile acquistare online. Per essere tenuti aggiornati su tempi di pubblicazione e costi del database, scrivere a [email protected].Tikehau Capital ha rilevato il 23,43% di Assiteca spa, sottoscrivendo un aumento di capitale riservato per 25 milioni di euro a 2,5 euro per azione (si veda qui il comunicato stampa). L’operazione era stata annunciata nell’agosto scorso (si veda altro articolo di BeBeez).Nel dettaglio, l’aumento di capitale è stato effettuato dal veicolo Chaise spa, newco controllata indirettamente e interamente dal fondo Tikehau Growth Equity II, gestito da Tikehau Investment Management. Contestualmente, la società ha reso noto che l’azionista di riferimento, Lucca srl, che fa capo al presidente Luciano Lucca, ha ridotto la sua partecipazione al 60,38% del capitale.Assiteca è il più grande broker assicurativo italiano ed è quotato all’Aim Italia. Il suo bilancio consolidato del primo semestre 2019 ha registrato ricavi lordi per 70,7 milioni e netti per 63,7 milioni; un ebitda di 11 milioni (15,6% dei ricavi lordi) e un utile netto di 5,4 milioni (+18,1% dall’esecizio precedente). La società ha cominciato che distribuirà un dividendo di 0,07 euro per azione.L’ingresso di Tikehau in Assiteca è finalizzato a dare impulso all’importante progetto di crescita del gruppo, che comprende anche l’acquisizione di imprese terze attive nel medesimo settore. Per Tikehau si tratta della seconda operazione di private equity in Italia condotta tramite il fondo Tikehau Growth Equity II, dopo quella su Dove Vivo (si veda altro articolo di BeBeez). Tikehau è un gruppo di alternative asset management e di investimento indipendente quotato all’Euronext di Parigi con 23,4 miliardi di euro di gestione. In Italia è stato sinora molto attivo nel real estate e nel private debt.C.so Italia 22 - 20122 - Milano C.F. | P.IVA 09375120962 Aut. Trib. Milano n. 102 del 3 aprile 2013Copyright © 2016 BeBeez | Powered by DaoSquare | Privacy Policy | Cookie PolicyCopyright © 2016 BeBeez | Powered by DaoSquare | Privacy Policy | Cookie Policy"
5,1,Inaugurati gli uffici di Lugano di Assiteca - Corriere del Ticino,https://www.cdt.ch/economia/ticino/inaugurati-gli-uffici-di-lugano-di-assiteca-GH1786549,24 set 2019 ," «Assiteca SA si prefigge importanti obiettivi su tutto il territorio svizzero», ha precisato ancora Vittorio Massardi, mentre per Nicola Roncoroni «la società sarà ...","«Questa nuova iniziativa è in linea con la volontà di crescita e internazionalizzazione», ha detto Luciano Lucca, presidente e fondatore della società di brokeraggioI dirigigenti di Assiteca presenti all’inaugurazione di Lugano. © CdTGiovedì 19 settembre 2019 si è svolta l’inaugurazione degli uffici in via Ferruccio Pelli 2 a Lugano di Assiteca SA, società di brokeraggio assicurativo costituta lo scorso mese di aprile da Assiteca SpA, primo broker assicurativo italiano leader nella consulenza per gestione integrata del rischio quotato al segmento AIM di Borsa Italiana SpA, insieme a Nicola Roncoroni e Vittorio Massardi, rispettivamente amministratore delegato e presidente«Questa nuova iniziativa è in linea con la volontà di crescita e internazionalizzazione di Assiteca ha affermato Luciano Lucca, presidente e fondatore di Assiteca SpA che ha aggiunto: «La presenza a Lugano, importante snodo economico-finanziario europeo, concretizza il nostro progetto di sviluppo nei mercati dell’Europa centrale in un’ideale linea di collegamento tra il nord e il sud del continente».«Assiteca SA si prefigge importanti obiettivi su tutto il territorio svizzero», ha precisato ancora Vittorio Massardi, mentre per Nicola Roncoroni «la società sarà attenta allo sviluppo di sinergie con strutture e clienti internazionali, facendo leva su competenze professionali e sistemi operativi e tecnologici altamente innovativi: in questo senso tal senso l’esperienza e la caratura di Assiteca SpA unite alla conoscenza del mercato elvetico costituiranno un mix ideale per l’affermazione della nuova società».Secondo Raffaele Caminada, titolare della Caminada Sementi di Cadempino, i valori della famiglia vengono portati nell’impresa"
6,1,"ASSITECA: ottimi i risultati di bilancio, confermato il dividendo ...",https://www.trend-online.com/ansa/assitecaottimi-i-risultati-di-bilancioconfermato-il-dividendo-393796/,30 set 2020 ," Il Consiglio di Amministrazione di ASSITECA S.p.A., il più grande broker assicurativo italiano leader nella consulenza per la gestione integrata dei rischi e ...","Le Guide gratuite di Trend-online.com. Abbiamo raccolto in 203 pagine tutte le novità sui Bonus 2020. Un'opera realizzata dalla nostra redazione completamente gratuita che puoi scaricare immediatamente.Il Consiglio di Amministrazione di ASSITECA S.p.A., il più grande broker assicurativo italiano leader nella consulenza per la gestione integrata dei rischi e quotato all'AIM di Borsa Italiana S.p.A., ha approvato in data odierna il progetto di bilancio consolidato e di esercizio al 30 giugno 2020, che sarà sottoposto all'approvazione dell'Assemblea degli Azionisti prevista il 28 ottobre 2020.Principali risultati economico-finanziari consolidati IAS/IFRS - Ricavi lordi pari a euro 80,5 milioni (euro 70,7 milioni al 30/6/2019, +14%) - EBITDA pari a euro 15,1 milioni con EBITDA margin pari a 18,8% (euro 11 milioni al 30/6/2019, +38% che diventa +5% al netto di 3,6 milioni derivanti dall'adozione IAS16) - EBIT pari a euro 9,8 milioni (euro 9,5 milioni al 30/6/2019) - Risultato netto pari a euro 5,5 milioni (euro 5,4 milioni al 30/6/2019, + 1%) - Posizione Finanziaria Netta adjusted pari a euro 25 milioni inclusivi di 11,3 milioni derivanti dall'adozione degli IAS/IFRS16, al netto del quale (euro 13,6 milioni) si registra un miglioramento di euro 9,7 milioni rispetto al precedente esercizio (23,3 milioni al netto IAS al 30/6/2019) Proposto dividendo pari a euro 0,07 per azione""Nonostante un contesto economico complesso e senza precedenti, a causa della pandemia, ASSITECA è riuscita a registrare una crescita significativa rispetto alle già positive performance degli ultimi anni e a confermare il dividendo"" commenta con soddisfazione Luciano Lucca, Presidente della società. ""La nostra strategia di sviluppo, attraverso una crescita organica e per linee esterne, si sta dimostrando vincente. Nei prossimi mesi alcune importanti acquisizioni in Italia e in Spagna andranno a consolidare ulteriormente la nostra posizione di leader in questi mercati"".Copyright © 2000 - 2020 Le Fonti S.r.l. - Via Dante, 4 - 20121 Milano, (MI) P.IVA IT04496930969"
7,1,Assiteca - Apps on Google Play,https://play.google.com/store/apps/details?id=it.assiteca.sinistri&hl=en_US&gl=US,18 mag 2018 ," ASSITECA è il primo gruppo italiano nel mercato del brokeraggio assicurativo. Adotta un approccio innovativo alla gestione dei rischi aziendali, arricchendo ..."," ASSITECA è il primo gruppo italiano nel mercato del brokeraggio assicurativo. Adotta un approccio innovativo alla gestione dei rischi aziendali, arricchendo ..."
8,1,‎Assiteca su App Store,https://apps.apple.com/it/app/assiteca/id1382605842,19 mag 2018 ," ... le valutazioni dei clienti, guarda gli screenshot e ottieni ulteriori informazioni su Assiteca. Scarica Assiteca direttamente sul tuo iPhone, iPad e iPod touch.","Quest’app è disponibile solo sull’App Store per iPhone.ASSITECA è il primo gruppo italiano nel mercato del brokeraggio assicurativo. Adotta un approccio innovativo alla gestione dei rischi aziendali, arricchendo l’attività tradizionale di brokeraggio con specifici servizi di consulenza, finalizzati a completare l’offerta di soluzioni assicurative con strumenti interni di gestione dei rischi.I professionisti di Assiteca lavorano a stretto contatto con i Clienti e assicurano una gestione integrata dei rischi aziendali, attraverso una metodologia di lavoro che coniuga analisi, consulenza e intermediazione, permettendo la costruzione di un efficiente ed efficace sistema di controllo che previene, mitiga e protegge. Per le aziende clienti che abbiano sottoscritto polizze Incendio/All Risks, Assiteca offre in esclusiva un nuovo servizio di assistenza per gli interventi di salvataggio e messa in sicurezza urgente a seguito di sinistro. Gli interventi di salvataggio e contenimento del danno, quando siano precisi e tempestivi, costituiscono la prima e fondamentale contromisura verso le conseguenze negative di un evento dannoso. Per rendere quanto più possibile efficaci e risolutive tali attività, Assiteca mette a disposizione dei propri Clienti un nuovo servizio di assistenza semplice e gratuito.A seguito di un sinistro che colpisca direttamente un bene aziendale assicurato (ad esempio un incendio, un evento atmosferico, un allagamento), con una semplice chiamata al Numero Verde 800 909647, i Clienti Assiteca possono attivare un servizio di emergenza per gli interventi di salvataggio e di messa in sicurezza urgente. Entro 2 ore dal primo contatto, i Clienti riceveranno una prima consulenza telefonica da parte di un operatore specializzato con le prime indicazioni sui più opportuni interventi di contenimento e salvataggio da porre in atto. Entro le successive 12 ore, potranno chiedere un sopralluogo tecnico da parte di società di risanamento e bonifica altamente qualificata, volto ad approfondire la situazione e ad organizzare tutti gli ulteriori interventi di più immediata necessità per contenere il danno materiale e mitigare gli effetti dell’evento. Le spese per tali interventi rientrano, ai sensi di legge e delle condizioni di polizza, nell’ambito delle coperture assicurative dirette, alla condizione che non siano state fatte inconsideratamente. L’APP mette a disposizione anche una serie di manuali con le procedure da seguire per una corretta gestione del sinistro in ambito Incendio, Furto e rapina, Responsabilità Civile, Infortuni, RC Auto. Per ogni tipologia di sinistro vengono indicate le attività che l’azienda deve compiere:    1. al momento del danno,    2. al momento della perizia,    3. al momento della valutazione,    4. al momento della liquidazione del danno.Sono scaricabili i moduli da utilizzare per la denuncia del sinistro alla compagnia di assicurazione.Correzione di bug e miglioramenti delle prestazioni.Richiede iOS 9.0 o versioni successive. Compatibile con iPhone, iPad e iPod touch.Se “In famiglia” è stato attivato, fino a sei membri della famiglia potranno usare l’app."
9,1,"Assiteca, i conti dell'esercizio 2018/2019 | SoldiOnline.it",https://www.soldionline.it/notizie/azioni-italia/assiteca-semestre-2019,30 set 2019 ," Assiteca ha chiuso l'esercizio 2018/2019 con ricavi lordi pari a 70,7 milioni di euro, in crescita del 5% rispetto ai 67,4 milioni dell'esercizio precedente.","Assiteca ha chiuso l'esercizio 2018/2019 con ricavi lordi pari a 70,7 milioni di euro, in crescita del 5% rispetto ai 67,4 milioni dell'esercizio precedente. Il 2018/2019 si è chiuso con un risultato netto di 5,4 milioni di euro, in salita del 18,1% rispetto ai 4,6 milioni di euro dell'esercizio 2017/2018.A fine giugno 2019 la posizione finanziaria netta evidenziava un debito pari a 23,3 milioni, con un miglioramento di 0,4 milioni rispetto ai 23,7 milioni di 12 mesi prima.Sulla base di questi conti il consiglio di amministrazione ha deliberato di proporre all’assemblea la distribuzione di un dividendo pari a 0,07 euro per azione. Lo stacco della cedola è prevista per il 23 dicembre 2019, con il pagamento a decorrere dal successivo 27 dicembre 2019.Assiteca ha chiuso il primo semestre 2018/2019 con ricavi pari a 39 milioni di euro, in crescita del 4% dai 37,6 milioni del primo semestre 2017/2018. L'utile ha toccato i 4,77               LeggiAssiteca ha chiuso il primo semestre dell'eserczio 2019/2020 con ricavi pari a 45 milioni, in crescita del 15% rispetto allo stesso semestre dell'esercizio precedente               LeggiAssiteca - broker assicurativo italiano attivo nella consulenza per la gestione integrata dei rischi e quotato all’AIM Italia - ha comunicato i risultati finanziari               LeggiNoiPA è la piattaforma digitale per la gestione del personale e degli stipendi del settore pubblico.Il cassetto fiscale è un archivio online tramite il quale ogni contribuente può consultare qualsiasi informazione riguardante la propria posizione fiscale Continua »© Copyright 2020 Mondadori Media S.p.A. - riproduzione riservata - P.IVA 08009080964I dati relativi al mercato italiano, in  differita di 20 minuti, sono di Borsa Italiana e distribuiti da vwd  Italia."
10,1,"Assiteca, la tua assicurazione ancora più vicina | Asarva",https://www.asarva.org/2016/11/assiteca-assicurazione-vicina/,14 nov 2016 ," Per essere ancora più vicini alle nostre imprese, da lunedì 14 novembre 2016 gli uffici di Assiteca si sono trasferiti nella nostra sede di via Sanvito Silvestro 92 a ...","Per essere ancora più vicini alle nostre imprese, da lunedì 14 novembre 2016 gli uffici di Assiteca si sono trasferiti nella nostra sede di via Sanvito Silvestro 92 a Varese. Per ogni informazione è a disposizione la consulente assicurativa:Brunella Caputo
brunella.caputo@assiteca.it
tel. 0332 256728 | fax 0332 256729
da lunedì a giovedì dalle 8.30 alle 17.00
venerdì dalle 8.30 alle 13.00
Varese, via Sanvito Silvestro 92Già da alcuni anni Confartigianto Imprese Varese ha sottoscritto la convenzione con Assiteca, il più grande gruppo italiano di brokeraggio assicurativo, per consentire agli imprenditori soci e ai loro familiari di risparmiare sulle polizze aziendali e personali grazie alle migliori soluzioni e coperture presenti sul mercato.A tutti i soci è garantita la consulenza assicurativa gratuita, oltre alla gestione completa delle polizze, delle loro scadenze e dei sinistri. Di seguito le nostre proposte assicurativeIn ogni momento la consulente è possibile valutare le singole necessità assicurative in base a specifiche esigenze.Per ogni informazione
Gianni Barzaghi
gianni.barzaghi@asarva.org
tel. 0332 256211Confartigianato Imprese Varese - Viale Milano, 5 - Varese 
		     	Tel. 0332 256111  Fax 0332 256200  N. verde 800 650595 
asarva@asarva.org  P.IVA 00449700129"
11,1,"ASSITECA, i soci approvano la fusione di Arena Broker ...",https://www.trend-online.com/ansa/assitecai-soci-approvano-la-fusione-di-arena-broker--379459/,21 apr 2020 ," ... l'Assemblea straordinaria e ordinaria degli Azionisti di ASSITECA, il maggior broker assicurativo italiano leader nella consulenza per la gestione integrata dei ...","Si è riunita il 20 aprile 2020, in prima convocazione in modalità audio-video conferenza sotto la Presidenza di Luciano Lucca, l'Assemblea straordinaria e ordinaria degli Azionisti di ASSITECA, il maggior broker assicurativo italiano leader nella consulenza per la gestione integrata dei rischi di impresa e quotato all'AIM di Borsa Italiana S.Le Guide gratuite di Trend-online.com. Abbiamo raccolto in 203 pagine tutte le novità sui Bonus 2020. Un'opera realizzata dalla nostra redazione completamente gratuita che puoi scaricare immediatamente.Si è riunita il 20 aprile 2020, in prima convocazione in modalità audio-video conferenza sotto la Presidenza di Luciano Lucca, l'Assemblea straordinaria e ordinaria degli Azionisti di ASSITECA, il maggior broker assicurativo italiano leader nella consulenza per la gestione integrata dei rischi di impresa e quotato all'AIM di Borsa Italiana S.p.A.*Fusione per incorporazione della controllata *Arena Broker S.r.l. nella controllante totalitaria ASSITECA S.p.A. L'Assemblea straordinaria ha approvato l'avvio della fusione per incorporazione della controllata Arena Broker S.r.l. nella controllante totalitaria ASSITECAS.p.A., sulla base del progetto di fusione e delle situazioni patrimoniali delle predette società al 16 marzo 2020.Proposta di autorizzazione all'acquisto e alla disposizione di azioni proprieL'organo amministrativo di ASSITECA ha ritirato la proposta di autorizzazione all'acquisto e alla disposizione di azioni proprie, che non è quindi stata messa ai voti.Copyright © 2000 - 2020 Le Fonti S.r.l. - Via Dante, 4 - 20121 Milano, (MI) P.IVA IT04496930969"
12,1,Luciano Lucca (Assiteca): «Una polizza sul futuro? Investite ...,https://www.corriere.it/economia/finanza/20_marzo_24/luciano-lucca-assiteca-una-polizza-futuro-investite-voi-stessi-92c20c3a-6d2e-11ea-ba71-0c6303b9bf2d.shtml,24 mar 2020 ," Il brokeraggio assicurativo è un business in Italia. Lo dimostrano Assiteca, arrivata a 70 milioni di fatturato, e la storia del suo fondatore. «Se...","Era l’anno dei Mondiali, quelli dell’82. In un’Italia profondamente diversa dall’attuale, l’avventura imprenditoriale del trentacinquenne Luciano Lucca, iniziata in solitaria dieci anni prima, era a una svolta, decisiva.Con un gruppo di colleghi Lucca smette di lavorare per conto terzi, il broker assicurativo Cpa, e fonda Assiteca. È il momento iniziale di una avventura che avrebbe portato questo distinto signore oggi 73enne, milanese e milanista, amante del calcio italiano, delle cravatte francesi e delle automobili inglesi, a governare un gruppo consulenziale avviato a superare i 70 milioni di euro fatturato e con 700 dipendenti. Un piccolo miracolo italiano in un settore, tutt’al più, considerato alla stregua di una riserva di caccia anglosassone.«Vede — dice Lucca, 38 anni più tardi — il fatto è che io mi diverto ancora come quel giorno, nonostante l’età. Abbiamo creato Assiteca e ne abbiamo fatto uno dei leader italiani nel mercato del brokeraggio assicurativo. In un settore dominato dai grandi colossi stranieri, come Aon e Marsh, siamo riusciti a inserirci grazie a coerenza, trasparenza e investimenti».PresenzeDa Milano, Assiteca ha allargato l’orizzonte a tutta la Penisola. «Oggi abbiamo venti sedi in Italia, circa 170 account executive e una posizione da leader nel segmento dei crediti commerciali, degli eventi naturali legati all’agricoltura e anche delle grandi opere. Soprattutto, stiamo affiancando la nostra clientela cambiando lentamente pelle: non più solamente intermediario per i prodotti assicurativi, in un mercato totalmente inefficiente come quello italiano e che quindi dovrebbe maggiormente apprezzare la figura di un broker, ma sempre più consulente strategico per molteplici aspetti. Le aziende, infatti, hanno sempre più bisogno di essere accompagnate da un consulente. E in Assiteca trovano spesso le competenze di cui necessitano».Da Milano, Assiteca ha allargato l’orizzonte a tutta la Penisola. «Oggi abbiamo venti sedi in Italia, circa 170 account executive e una posizione da leader nel segmento dei crediti commerciali, degli eventi naturali legati all’agricoltura e anche delle grandi opere. Soprattutto, stiamo affiancando la nostra clientela cambiando lentamente pelle: non più solamente intermediario per i prodotti assicurativi, in un mercato totalmente inefficiente come quello italiano e che quindi dovrebbe maggiormente apprezzare la figura di un broker, ma sempre più consulente strategico per molteplici aspetti. Le aziende, infatti, hanno sempre più bisogno di essere accompagnate da un consulente. E in Assiteca trovano spesso le competenze di cui necessitano».L’avventura lavorativa di Lucca inizia nel 1965, dai gradini più bassi della professione. Faceva il venditore di polizza («porta a porta, suonando i campanelli», ricorda), prima per il colosso americano Aig, poi per Toro. «Dopo qualche anno, era il 1972, aprii Verconsult, una piccola attività di brokeraggio che gestivo in autonomia e che successivamente mi portò ad entrare in Cpa, un gruppo che allora andava per la maggiore. Lì, negli anni, maturai con alcuni colleghi la convinzione che il brokeraggio avrebbe avuto un futuro in Italia. E nel 1982 iniziammo la nostra avventura fondando Assiteca».MaggioranzeDa allora, lo sviluppo del business ha portato Lucca ad acquisire nel 2006 la maggioranza della società e nel 2013 la totalità delle azioni, liquidando tutti i soci. Assiteca diventa piena proprietà della famiglia: Lucca, sua moglie Simona, mentre i due figli entrano in azienda, Giulia che va ad occuparsi di amministrazione e controllo, mentre Tommaso assume la responsabilità dello sviluppo del mercato spagnolo. L’ultimo esercizio ha chiuso con ricavi netti consolidati per 63,694 milioni di euro, un ebitda di 11 milioni e un utile netto di 5,423 milioni, in crescita del 18 per cento sull’esercizio precedente, che ha consentito un dividendo lordo di 7 centesimi per azione, già pagato.Da allora, lo sviluppo del business ha portato Lucca ad acquisire nel 2006 la maggioranza della società e nel 2013 la totalità delle azioni, liquidando tutti i soci. Assiteca diventa piena proprietà della famiglia: Lucca, sua moglie Simona, mentre i due figli entrano in azienda, Giulia che va ad occuparsi di amministrazione e controllo, mentre Tommaso assume la responsabilità dello sviluppo del mercato spagnolo. L’ultimo esercizio ha chiuso con ricavi netti consolidati per 63,694 milioni di euro, un ebitda di 11 milioni e un utile netto di 5,423 milioni, in crescita del 18 per cento sull’esercizio precedente, che ha consentito un dividendo lordo di 7 centesimi per azione, già pagato.Linee esterneLa crescita del fatturato, che dovrebbe essere consistente nell’esercizio in corso che chiuderà il 30 giugno, è stata supportata da una massiccia campagna di acquisizioni. L’ultima è il sito 6sicuro, un comparatore di polizze assicurative, sul cui acquisto è stata posta la firma definitiva il 26 febbraio scorso: al 21,21 per cento già in portafoglio si è aggiunta la quota mancante del 78,79 per cento. «Le acquisizioni ci hanno permesso di crescere — dice Lucca — e di farlo rapidamente. Oggi in Italia, se fossimo una compagnia di assicurazione, con i nostri 700 milioni di premi pagati saremo nel gruppo delle prime dieci. Ma siccome siamo un broker siamo anche più avanti in classifica. Soprattutto, Assiteca è riuscita a staccarsi nettamente per fatturato e dimensione da tutti i piccoli e nel panorama di vertice siamo l’unica voce italiana tra gli operatori stranieri».La crescita del fatturato, che dovrebbe essere consistente nell’esercizio in corso che chiuderà il 30 giugno, è stata supportata da una massiccia campagna di acquisizioni. L’ultima è il sito 6sicuro, un comparatore di polizze assicurative, sul cui acquisto è stata posta la firma definitiva il 26 febbraio scorso: al 21,21 per cento già in portafoglio si è aggiunta la quota mancante del 78,79 per cento. «Le acquisizioni ci hanno permesso di crescere — dice Lucca — e di farlo rapidamente. Oggi in Italia, se fossimo una compagnia di assicurazione, con i nostri 700 milioni di premi pagati saremo nel gruppo delle prime dieci. Ma siccome siamo un broker siamo anche più avanti in classifica. Soprattutto, Assiteca è riuscita a staccarsi nettamente per fatturato e dimensione da tutti i piccoli e nel panorama di vertice siamo l’unica voce italiana tra gli operatori stranieri».Alla fine del 2019 nel capitale di Assiteca, che ha collocato sul segmento Aim di Borsa italiana il 16,19 per cento delle proprie azioni, è entrato il fondo francese Tikehau tramite Chaise, in forza di un aumento di capitale dedicato da 25 milioni di euro che è valso l’acquisto del 23,43 per cento del capitale (2,5 euro per azione, venerdì scorso il titolo in Borsa veniva scambiato a 1,52 euro). «L’arrivo del socio francese — spiega Lucca — ci ha permesso un sostanzioso consolidamento patrimoniale. Ma le vere ragioni per cui abbiamo aperto il capitale a Tikehau sono industriali. Se avessimo voluto soddisfare solo le ragioni della finanza, avremmo venduto ad altri. Noi, come famiglia Lucca, che ancora oggi controlliamo il 60 per cento del capitale di Assiteca, abbiamo ricevuto ripetute e sostanziose offerte per vendere. Potevamo farlo. Ma il fatto è che a me piace questo lavoro e mi era chiaro che il motivo dell’acquisizione era solamente uno: toglierci dal mercato domestico, dove cominciamo ad essere una realtà da considerare. Io invece voglio sviluppare il nostro business, sono convinto che ci siano straordinarie opportunità di sviluppo».Sviluppi oltreconfineLa scelta su Tikehau, spiega Lucca, è propedeutica a uno sviluppo oltreconfine delle attività di Assiteca. Dopo aver perfezionato l’acquisizione di Assidea, di Muntadas e la costituzione di Assiteca Lugano (al 52 per cento con un partner locale), oggi Lucca guarda più lontano, verso i maggiori mercati europei. «Tikehau è il secondo investitore in Italia e il primo in Spagna, mercato nel quale siamo già presenti dopo l’acquisizione del gruppo Muntadas di Barcellona e ha competenze in molte aree europee. Noi vorremmo svilupparci in Francia, ed è questo il nostro prossimo obiettivo. Sentiamo che è il momento opportuno per crescere e abbiamo in programma, nell’arco dei prossimi cinque anni, acquisizioni in Spagna, Francia e in Sudamerica. Tikehau ci affianca con competenza e un patrimonio relazionale importante, che ci consente di rivedere al rialzo la crescita del fatturato nei prossimi anni. Siamo molto ottimisti, anche perché il mercato italiano inizia ad avvertire, specie attraverso il suo tessuto imprenditoriale, l’esigenza di una consulenza assicurativa competente».La scelta su Tikehau, spiega Lucca, è propedeutica a uno sviluppo oltreconfine delle attività di Assiteca. Dopo aver perfezionato l’acquisizione di Assidea, di Muntadas e la costituzione di Assiteca Lugano (al 52 per cento con un partner locale), oggi Lucca guarda più lontano, verso i maggiori mercati europei. «Tikehau è il secondo investitore in Italia e il primo in Spagna, mercato nel quale siamo già presenti dopo l’acquisizione del gruppo Muntadas di Barcellona e ha competenze in molte aree europee. Noi vorremmo svilupparci in Francia, ed è questo il nostro prossimo obiettivo. Sentiamo che è il momento opportuno per crescere e abbiamo in programma, nell’arco dei prossimi cinque anni, acquisizioni in Spagna, Francia e in Sudamerica. Tikehau ci affianca con competenza e un patrimonio relazionale importante, che ci consente di rivedere al rialzo la crescita del fatturato nei prossimi anni. Siamo molto ottimisti, anche perché il mercato italiano inizia ad avvertire, specie attraverso il suo tessuto imprenditoriale, l’esigenza di una consulenza assicurativa competente».Proprio la vicinanza al sentire aziendale sta spingendo Assiteca verso l’evoluzione da broker a consulente d’ampio raggio: un modo per affrontare la sfida di un mercato in cui non basta più proporre una polizza al prezzo migliore per soddisfare le esigenze della clientela.Comprare casa, da Milano a Roma le zone dove investire (anche con la pandemia)Manovra, contratti a termine, assegno per i figli, «cashback» da dicembre: le novitàLe aziende migliori dove lavorare (in italia). In quale posizione è la tua? ClassificheQuarantena Covid? È malattia solo con certificato Asl. Come funziona: le regole"
13,1,ASSITECA ADERISCE A PORDENONE 2020: È UN NUOVO ...,https://www.pordenonecalcio.com/2018/12/20/assiteca-aderisce-a-pordenone-2020-e-un-nuovo-socio-neroverde/,20 dic 2018 ," Assiteca diventa socio del Pordenone Calcio. Il più grande broker assicurativo italiano, già main sponsor, crede sempre più nel progetto del club ed aderisce ...","Assiteca diventa socio del Pordenone Calcio. Il più grande broker assicurativo italiano, già main sponsor, crede sempre più nel progetto del club ed aderisce ufficialmente a Pordenone 2020, il crowdfunding, unico in Italia, lanciato dal club neroverde.La partnership fra Assiteca e il Pordenone Calcio è storica: avviata nel 2011, si consolida di stagione in stagione. Con Assiteca main sponsor il Pordenone ha giocato l’ottavo di finale di TIM Cup a San Siro contro l’Inter, conquistato tre playoff negli ultimi tre campionati (due semifinali) ed è primo nel girone B della Serie C. Primato, quello attuale, che rappresenta il punto più alto della storia quasi centenaria del Pordenone Calcio.Pordenone Calcio e Assiteca condividono la programmazione (sportiva e aziendale), la valorizzazione dei giovani e del territorio.Il presidente del Pordenone Calcio Mauro Lovisa dichiara: «Assiteca è per noi e per il territorio un punto di riferimento sempre più forte. Crede nel nostro progetto e con l’ingresso nel club avrà un ruolo ancora più attivo. Io e i miei soci ringraziamo il presidente Luciano Lucca per questa ulteriore dimostrazione di fiducia, condivisione di un percorso di crescita che vuole porsi obiettivi sempre più importanti. Assiteca, ne siamo certi, sarà da esempio per altri partner istituzionali che si stanno preparando ad aderire a Pordenone 2020».Il presidente di Assiteca S.p.A. Luciano Lucca afferma: «Entriamo nel Pordenone Calcio con la voglia di contribuire sempre più allo sviluppo del progetto neroverde. Ci mettiamo in gioco, in un ruolo nuovo, per condividere giorno dopo giorno l’affermazione a livello nazionale di un club che sosteniamo da tempo, soprattutto per la sua attenzione ai giovani. Affermazione sia della Prima Squadra che del Settore Giovanile, nostro – e sottolineo nostro – fiore all’occhiello. Crediamo e investiamo sempre più nel Pordenonese e più in generale nel Friuli Venezia Giulia: i neroverdi, con Assiteca, ne sono gli ambasciatori».Assiteca, fondata nel 1982 e quotata sul mercato AIM Italia di Borsa Italiana S.p.A dal luglio 2015, è oggi il primo gruppo italiano nel mercato del brokeraggio assicurativo.I professionisti di Assiteca lavorano a stretto contatto con i clienti e assicurano una gestione integrata dei rischi aziendali, arricchendo l’attività tradizionale di brokeraggio con specifici servizi di consulenza, finalizzati a completare l’offerta di soluzioni assicurative.Assiteca è presente con propri uffici nella regione Friuli, dove ha sede anche Assiteca Agricoltura, sin dal 1989. A Pordenone ha rafforzato la propria presenza nel 2015 con l’acquisizione di Infinas S.p.A., broker assicurativo legato in passato al gruppo Zanussi.Via Villanova di Sotto, 9
33170 Pordenone
+39 0434 570996"
14,1,Assiteca ... - MF AIM News - Alternative Investment Market italia,https://aimnews.milanofinanza.it/scheda-azienda/assiteca-IT0001012639,6 ott 2019 ," Assiteca è il più grande broker assicurativo italiano: svolge attività di intermediazione assicurativa, consulenza e analisi tecnica dei rischi aziendali, a ...","Assiteca è il più grande broker assicurativo italiano: svolge attività di intermediazione assicurativa, consulenza e analisi tecnica dei rischi aziendali, a livello nazionale e internazionale. Nata nel 1982, oggi è presente in 20 città italiane in corrispondenza dei principali centri produttivi e imprenditoriali, nonchè in Spagna -con uffici a Madrid e Barcellona- e in Svizzera a Lugano; in qualità di membro di Eos Risq, Lockton Global e Gallagher Global Alliance è altresì attiva in altri 100 Paesi in Europa e nel mondo. Le azioni della società sono negoziate su Aim Italia dal 7/2015. Con riferimento al primo semestre dell'esercizio 2018/2019, Assiteca Bsa ha rilevato la totalità delle quote di Assiteca Adriatica e incorporato la stessa con effetto 1/1/2018. L'avvio dell'attività di consulenza per il tramite della controllata Assiteca Consulting s.r.l. (detenuta al 100%), ha incontrato l'apprezzamento da parte della clientela e dei prospect, con un positivo ritorno in termini conclusione di nuovi contratti. Assiteca chiude i primi sei mesi dell'esercizio 2018/2019 con un fatturato consolidato di €Mn 38,4, salito del 2,68% confermando i trend di crescita storici del gruppo, a cui contribuisce l'attività di sviluppo del portafoglio e acquisizione di nuova clientela, nonché l'operatività nella consulenza. Per contro si riducono i costi operativi, grazie all'ottenimento di economie di scala. Il miglioramento del reddito operativo e la contrazione degli oneri straordinari favoriscono una crescita del 14,3% nell'utile semestrale di €Mn 4,8, a cui contribuisce anche la riduzione dell'utile di terzi dovuta all'acquisizione delle quote relative a Assiteca Adriatica e Grupo Muntadas. La posizione finanziaria netta, pari a €Mn 32,1 registra un peggioramento di €Mn 6,9 sul 6/2018, legato alla stagionalità degli incassi e ampiamente recuperato nei primi mesi del 2019. Si segnala peraltro che nel 12/2018 sono stati pagati agli azionisti dividendi per €Mn 2,3. Con riferimento al secondo semestre, nel 1/2019 Assiteca SA ha elevato al 100% la propria partecipazione nella spagnola Grupo Muntadas SA (con sede a Barcellona); è stata immediatamente avviata la procedura per la fusione tra le due società, che verrà presumibilmente perfezionata entro la chiusura dell'esercizio, con effetto 1/1/2019. L'operazione Assidea S.r.l., avviata nel precedente esercizio, è stata perfezionata a fine 3/2019 con la formula dell'affitto d'azienda e con un'opzione di acquisto attivabile nei prossimi anni. Per effetto di questa acquisizione, del valore di circa €Mn 1,5 di provvigioni, Assiteca aumenta la propria copertura territoriale, con due nuove filiali a Bari e Campobasso e rinforza la propria presenza sulle sedi di Genova e Pescara. In data 31/7/2019 Assiteca ha acquistato per €Mn 2,8 l'80% di Assita, agenzia plurimandataria leader nell'assicurazione di responsabilità civile professionale e principale intermediario assicurativo di riferimento per liberi professionisti quali medici, avvocati, commercialisti, ingegneri e relativi ordini, associazioni, sindacati e società scientifiche. L'operazione, finanziata attraverso l'utilizzo di mezzi propri, verrà regolata in due tranche di pari importo: la prima versata alla firma del contratto e la seconda da regolare all'approvazione del bilancio 2019 di Assita. In data 7/8/2019 Assiteca ha annunciato un accordo con Tikehau Capital, che prevede un aumento di capitale riservato l'ingresso di Tikehau nell'azionariato di Assiteca pari a €Mn 25, corrispondente a una quota di minoranza del 23,43% a un prezzo di sottoscrizione pari a 2,50 euro per azione. Il closing dell'operazione sarà finalizzato entro l'11/2019. Tikehau è un gruppo di alternative asset management e di investimento indipendente quotato all'Euronext di Parigi con €Md 23,4 di liquidità in gestione ed un patrimonio netto di €Md 3 al 6/2019. Tikehau investirà in Assiteca attraverso il fondo di private equity pan europeo del gruppo, Tikehau Growth Equity II.Assiteca rappresenta la più grande realtà italiana nel mercato del brokeraggio assicurativo. Le azioni della società sono negoziate sull'Aim Italia dal 27/07/2015."
15,1,Azioni Assiteca - Analisi Tecnica - Il commento dell'Esperto ...,https://www.teleborsa.it/azioni/assiteca-assi-it0001012639-SVQwMDAxMDEyNjM5/analisi?tab=2,4 giorni fa ," Analisi Assiteca ASSI - IT0001012639: Il commento dell'Esperto. Analisi tecnica dettagliata, andamento nel tempo, resistenza, analisi fondamentale, prezzo, ...","Dati differiti di almeno 15 minuti. 
        Fonte dati: mercato di riferimento.Risultato negativo per Assiteca, con una flessione dell'1,39%. Nella giornata abbiamo assistito ad un avvio debole ed apertura a 2,13 Euro sopra i minimi della seduta precedente, mantenuti per l'intero arco della giornata, con chiusura a 2,13 in prossimità dei massimi di seduta. Su base settimanale, il trend del titolo è più solido rispetto a quello del FTSE MIB. Al momento, quindi, l'appeal degli investitori è rivolto con più decisione a Assiteca rispetto all'indice di riferimento.Segnali di rafforzamento per la tendenza di breve con resistenza più immediata vista a 2,163, con un livello di supporto a controllo della fase attuale stimato a 2,093. L'equilibrata forza rialzista di Assiteca è supportata dall'incrocio al rialzo della media mobile a 5 giorni sulla media mobile a 34 giorni. Per le implicazioni tecniche assunte dovremmo assistere ad una continuazione della fase rialzista verso quota 2,233.L'ampio scostamento dei prezzi di Assiteca dalla media dei valori registrati nell'ultimo periodo, confermata dalla volatilità giornaliera che assume un valore pari a 2,669, è sintomatica di un investimento caratterizzato da un elevato rischio e quindi pensato soprattutto per coloro che desiderano ottenere elevati guadagni a fronte della possibilità di registrare pesanti perdite. In questo contesto si consiglia un'operatività di brevissimo periodo alla luce soprattutto del decremento dei volumi intraday 600 rispetto alla media mobile dei volumi dell'ultimo mese fissata a 2.846."
16,1,ASSITECA | LinkedIn,https://it.linkedin.com/company/assiteca,3 giorni fa , ASSITECA | 8.570 follower su LinkedIn. Primo gruppo italiano nel mercato del brokeraggio assicurativo e nella consulenza sulla gestione dei rischi d'impresa., ASSITECA | 8.570 follower su LinkedIn. Primo gruppo italiano nel mercato del brokeraggio assicurativo e nella consulenza sulla gestione dei rischi d'impresa.
17,1,Tikehau Capital entra nel capitale di Assiteca - Il Sole 24 ORE,https://www.ilsole24ore.com/art/tikehau-capital-entra-capitale-assiteca-ACgwEid,8 ago 2019 ," L'asset manager paneuropeo guidato in Italia da Luca Bucelli ha siglato un accordo per l'acquisizione del 23,43% di Assiteca, il più grande broker assicurativo ...","Il gruppo finanziario francese Tikehau Capital entra nel broker assicurativo Assiteca. L'asset manager paneuropeo guidato in Italia da Luca Bucelli ha siglato un accordo per l'acquisizione del 23,43% di Assiteca, il più grande broker assicurativo italiano e quotato al mercato Aim di Borsa Italiana con un investimento di 25 milioni di euro, tramite sottoscrizione di un aumento di capitale riservato (a 2,5 euro per azione). Si diluirà dunque il fondatore e presidente Luciano Lucca. Alcuni membri di Tikehau entreranno nel Cda del gruppo guidato da Gabriele Giacoma.Le risorse serviranno ad Assiteca per sviluppare il piano di crescita per acquisizioni di aziende terze nel settore assicurativo. L’operazione che sarà finalizzata a novembre è stata seguita dal manager Roberto Quagliuolo, che si occupa delle attività di private equity di Tikehau in Italia e verrà realizzata attraverso il fondo dedicato agli investimenti di minoranza a sostegno della crescita Tikehau Growth Equity II.Assiteca è un gruppo fondato da Luciano Lucca negli anni 90. Si trattò di uno dei primi management buyout dove a supporto del manager arrivò il sostegno economico del fondo 3i. Ha circa 4200 aziende clienti ed è focalizzata sul ramo danni. Il bilancio al 30 giugno verrà presentato in settembre, ma secondo gli ultimi dati disponibili ha un giro d’affari di 60-70 milioni con un ebitda di 9 milioni: quest’anno dovrebbe invece assestarsi a 10-11 milioni. La società in questi anni è cresciuta per acquisizioni (8 dal 2001). Prima dell’ingresso di Tikehau , Lucca controllava l’80 per cento, mentre il restante 20% era flottante. Dopo l’ingresso del private equity transalpino, invece, Lucca si diluirà al 60% circa, Tikehau avrà il 23,43% e il mercato il restante 16 per cento.LEGGI ANCHE / Boom del private equity in Europa, l'alternativa alle BorseLa quotazione in Borsa, malgrado il basso flottante, sarà di aiuto per le future acquisizioni, che potranno avvenire sia cash (con le risorse di Tikehau) sia tramite carta. Inoltre la società starebbe pensando a un possibile trasferimento, dall’Aim all’Mta.Del resto, il mercato dei broker assicurativi resta frammentato: in Italia ci sono 2500 broker, grandi e di piccole dimensioni. Il gruppo Aon possiede una quota di mercato di circa il 16%, seguito da Marsh con il 10% e appunto da Assiteca con il 6%. Segue il gruppo Willis con il 5 per cento. Sotto questi 4 broker il mercato italiano è molto frammentato e, in questo universo, Assiteca guarderà per le future acquisizioni, già in pipeline.Tikehau potrà portare le sue conoscenze del settore, visto che in Francia ha già fatto acquisizioni nel settore. Inoltre il colosso degli investimenti francese potrà apportare le sue conoscenze nelle assicurazioni in Europa: infatti la strategia di Assiteca punta anche a un’espansione europea, in particolare sui mercati transalpino e spagnolo.Per Tikehau si tratta infine della seconda operazione di private equity in Italia a distanza di poco tempo, dopo aver acquisito il 19% di Dovevivo investendo 29 milioni il 31 luglio scorso. Assiteca è stata assistita nell’operazione dallo studio legale Gianni, Origoni, Grippo, Cappelli, mentre Tikehau è stata assistita dallo studio legale Gattai, Minoli, Agostinelli & Partners.Notizie e approfondimenti sugli avvenimenti politici, economici e finanziari.P.I. 00777910159 Dati societari © Copyright Il Sole 24 Ore Tutti i diritti riservati Per la tua pubblicità sul sito:  Websystem Informativa sui cookie Privacy policy"
18,1,Assiteca ha sul tavolo diversi dossier di M&A. E valuta ...,https://financecommunity.it/assiteca-sul-tavolo-diversi-dossier-valuta-passaggio-mta/,20 set 2019 ," Il 7 agosto scorso Assiteca ha annunciato un accordo di investimento con Tikehau Capital per l'ingresso di quest'ultimo nell'azionariato, tramite un aumento di ...","Assiteca ha sul tavolo diversi dossier di M&A, in Italia e all’estero, e valuta il passaggio su Mta. E’ quanto dice, in un’intervista a Financecomunnity.it, l’amministratore delegato del broker assicurativo, consulente sulla gestione dei rischi d’impresa, Gabriele Giacoma.Il 7 agosto scorso Assiteca ha annunciato un accordo di investimento con Tikehau Capital per l’ingresso di quest’ultimo nell’azionariato, tramite un aumento di capitale riservato da 25 milioni di euro. Tikehau ha rilevato il 23,43% del capitale. Il closing è atteso entro metà novembre.Obiettivo dell’ingresso di Tikehau nel capitale, spiega Giacoma, è “accelerare la crescita per linee esterne”, che è nel dna di Assiteca: dal 2015, anno della quotazione, a oggi, infatti, ha acquisito sette aziende. “Stiamo valutando più di un dossier”, prosegue l’AD, “in Italia e all’estero”. Oltre confine, il gruppo ha già messo piede in Spagna e in Svizzera.Avere alle spalle un gruppo di alternative asset management e di investimento con 23,4 miliardi di euro di gestione consente ad Assiteca di spingere ancor più sul pedale dell’attività di M&A. In Italia, del resto, sottolinea Giacoma, “i nostri competitor sono due gruppi esteri, Aon e Marsh”. Dopo Assiteca, in sostanza, ci sono tante società medio-piccole, che fatica sempre più a stare sul mercato perché “la compliance nel nostro settore ha un peso crescente e bisogna avere dimensioni per fronteggiare i costi, una struttura tecnico-commerciale adeguata”. Insomma, il contesto rafforza “il ruolo di aggregatore” di Assiteca.La società guidata da Giacoma ha archiviato il primo semestre dell’esercizio 2018/2019, chiuso il 31 dicembre scorso, con ricavi pari a 39 milioni, un ebitda di 8,5 milioni e un utile netto di 4,77 milioni.La quota su Aim, afferma l’AD, “è stata una scelta positiva, ha avuto effetti significativi sul posizionamento e sulla capacità di comunicare” del gruppo. Ora, però, le maglie dell’Aim vanno un po’ strette ad Assiteca, che valuta il passaggio su Mta. “E’ un tema su cui stiamo ragionando”, dice Giacoma. “Ma vogliamo avere le spalle più larghe, una capitalizzazione adeguata”. Ad ogni modo, per Assiteca “l’Aim è un primo step”.LC srl – Via Tolstoi 10 – 20146 Milano – Tel. 02 84243870 – C.F./P.IVA 07619210961REA 1971432 Registro delle Imprese di Milano – Cap. Soc. Euro 10.000,00 i.v.LC srl – Via Tolstoi 10 – 20146 Milano – Tel. 02 84243870 –
C.F./P.IVA 07619210961 REA 1971432 Registro delle Imprese di Milano –
Cap. Soc. Euro 10.000,00 i.v."
19,1,"Nasce Gaz-Auto, la piattaforma del Gaz e di Assiteca",https://www.insurancetrade.it/insurance/contenuti/intermediari/9705/nasce-gaz-auto-la-piattaforma-del-gaz-e-di-assiteca,28 ott 2019 ," Il Gruppo agenti Zurich e Assiteca hanno dato il via a Gaz-Auto, la piattaforma di emissione motor auto/autocarri che ""permetterà agli associati del Gruppo agenti ..."," Il Gruppo agenti Zurich e Assiteca hanno dato il via a Gaz-Auto, la piattaforma di emissione motor auto/autocarri che ""permetterà agli associati del Gruppo agenti ..."
20,1,ASSITECA SPA INTERNAZIONALE DI BROKERAGGIO ...,https://www.reportaziende.it/assiteca_spa_internazionale_di_brokeraggio_assicurativo,7 mar 2001 , Visualizza GRATIS il fatturato e l'utile/perdita di ASSITECA SPA INTERNAZIONALE DI BROKERAGGIO ASSICURATIVO IN FORMA ABBREVIATA ASSITECA ...,"Naviga tra le classificazioni economiche Ateco per trovare le aziende di tuo interesse.Trova risultati per località geografica: filtra per regione, provincia e città o consulta i dati per macro area.ReportAziende.it è un portale che offre servizi di ricerca ed informazione delle aziende, aventi sede legale sul territorio italiano, il cui fatturato sia o sia stato superiore a 5 milioni di Euro (di seguito anche il “Servizio”).Il tadalafil appartiene a un gruppo di medicinali chiamati inibitori della fosfodiesterasi di tipo 5 usato nel trattamento della disfunzione erettile.  Quali vantaggi nel comprare cialis in pillola-online.com  in Italia? L'acquistare il Cialis 20 mg si può al prezzo a partire dal € 1,12 al € 3,59 per compressa.
Il Servizio è gratuito e disponibile a chiunque acceda al portale, non è richiesta alcuna registrazione né è necessario compilare appositi form per la visualizzazione delle informazioni richieste.

I dati divulgati attraverso il Servizio sono messi a disposizione da Consodata SPA e sono stati qui riordinati ed esposti in modo intuitivo secondo tecniche volte a facilitare la consultazione gratuitamente.
Eventuali utilizzi non conformi alle modalità di fruizione, di seguito indicate, possono configurare violazione del diritto d’autore, ai sensi della Legge 22 aprile 1941 n. 633. Eventuali copie, nonché estratti della banca dati dovranno essere chieste direttamente a Consodata che  provvederà a mettere in contatto l’interessato con un funzionario commerciale.Il tadalafil appartiene a un gruppo di medicinali chiamati inibitori della fosfodiesterasi di tipo 5 usato nel trattamento della disfunzione erettile.  Quali vantaggi nel comprare cialis in pillola-online.com  in Italia? L'acquistare il Cialis 20 mg si può al prezzo a partire dal € 1,12 al € 3,59 per compressa.Ti aiutiamo a valutare l'affidabilità commerciale dei tuoi partner in affari.
            Potrai accedere ad un portale di aziende in cui ti forniamo:Ti aiutiamo a trovare nuovi clienti e nuovi fornitori.
            Potrai accedere ad un database di oltre 6 milioni di aziende attive su cui ti forniamo:SEDE LEGALE E UFFICI COMMERCIALI
            via del Bosco Rinnovato 8, edificio U7
            20057 Assago (MI)
            Fax +39 02 60757060SEDE LEGALE E UFFICI COMMERCIALI
                via del Bosco Rinnovato 8,
                edificio U7
                20057 Assago (MI)

                Fax +39 02 60757060"
21,1,"Assiteca: Cda approva ingresso di Tikehau Capital, entra con ...",https://www.adnkronos.com/soldi/economia/2019/08/07/cda-assiteca-approva-ingresso-tikehau-capital_UettbIyUNKgQDmVACT5SnI.html,7 ago 2019 ," Assiteca, il più grande broker assicurativo italiano e quotato al mercato Aim di Borsa Italiana, annuncia la sottoscrizione oggi di un accordo di investimento con ...","Assiteca, il più grande broker assicurativo italiano e quotato al mercato Aim di Borsa Italiana, annuncia la sottoscrizione oggi di un accordo di investimento con Tikehau Capital, alternative asset manager e gruppo d’investimento, che prevede attraverso un’operazione di aumento di capitale riservato l’ingresso di Tikehau nell’azionariato di Assiteca con una partecipazione di minoranza. L’operazione, si legge in una nota, è stata approvata dal Cda di Assiteca che si è tenuto oggi e prevede da parte di Tikehau la sottoscrizione di un aumento di capitale riservato pari a 25 milioni di euro, corrispondente a una quota di minoranza del 23,43% a un prezzo di sottoscrizione pari a 2,50 euro per azione. Il closing dell’operazione sarà finalizzato entro la metà del prossimo mese di novembre.Tikehau è un gruppo di alternative asset management e di investimento indipendente quotato all’Euronext di Parigi con 23,4 miliardi di euro di gestione e un patrimonio netto pari a 3 miliardi di euro al 30 giugno 2019. Tikehau investirà in Assiteca attraverso il fondo di private equity pan europeo del Gruppo, Tikehau Growth Equity II (Tgeii) specializzato in investimenti di minoranza a sostegno della crescita.L’ingresso di Tikehau in Assiteca è finalizzato a dare impulso all’importante progetto di crescita del gruppo, che comprende anche l’acquisizione di imprese terze operanti nel medesimo settore.L’aumento di capitale, e il conseguente ingresso di Tikehau nel nostro azionariato con una quota di minoranza qualificata, sottolinea Luciano Lucca, il presidente di Assiteca, ""consentirà ad Assiteca di proseguire e accelerare il progetto di crescita attraverso acquisizioni mirate, a conferma del proprio ruolo di aggregatore e di campione nazionale sul mercato italiano del brokeraggio assicurativo. Ancora oggi - prosegue Lucca - il nostro mercato è caratterizzato dalla presenza di molte piccole e medie imprese il cui consolidamento rappresenta un’ottima opportunità di sviluppo strategico per Assiteca e per le aziende target"".Assiteca è stata assistita nell’operazione dallo studio legale Gianni, Origoni, Grippo, Cappelli & Partners, nelle persone degli Avvocati Eugenio ed Emanuele Grippo. Tikehau è stata assistita dallo studio legale Gattai, Minoli, Agostinelli & Partners con il team guidato dall’Avv. Bruno Gattai e dall’Avv. Federico Bal."
22,1,Nasce la rete di Assiteca sim - Bluerating.com - Bluerating.com,https://www.bluerating.com/banche-e-reti/473594/nasce-la-rete-assiteca-sim,4 set 2017 ," “Assiteca sim” racconta infatti l'amministratore delegato Roberto Russo ”è nata con l'idea di abbinare una politica d'investimento che è il value investing, di cui ...","Saranno i venti nuovi della Mifid 2 ma le sim di consulenza si apprestano davvero a cambiare volto.  E’ il caso di Assiteca sim, la società nata nel settembre del 2012 grazie al sodalizio tra Alessandro Falciai (azionista di maggioranza al 75% tra partecipazioni dirette e indirette, Roberto Russo (15%, nella foto) e il broker assicurativo Assiteca Spa (azionista al 9,99%).  “Assiteca sim” racconta infatti l’amministratore delegato Roberto Russo  ”è nata con l’idea di abbinare una politica d’investimento che è il value investing, di cui Warren Buffet è il più autorevole esponente,  con l’indipendenza e la trasparenza operativa che abbiamo in comune con il nostro partner assicurativo Assiteca Spa. La sim nasce come sim di consulenza indipendente e di raccolta e trasmissione ordini.Niente fondi nei portafogli. Da maggio 2017 è arrivata l’autorizzazione alle gestioni di portafoglio che attiveremo a partire da questo mese”. Un servizio che viene lanciato in era Mifid 2 e Russo sottolinea come Assiteca abbia fatto propria la filosofia della seconda versione della direttiva europea sui servizi d’investimenti visto che “la trasparenza e la chiara esplicitazione dei costi è stata da noi sposata sin dal primo giorno della nostra attività con una politica di pricing che non prevede la presenza di fondi all’interno dei portafogli della clientela in consulenza evitando così qualsiasi forma di retrocessione e di costi occulti in capo ai clienti stessi. Il cliente paga solo la commissione di consulenza e di performance, se i risultati superano una certa soglia di rendimento preventivamente concordata.  Inoltre se hanno il conto presso la sim sono esplicitate nel contratto anche le commissioni di negoziazione”.Arrivano polizze e gpm sotto la guida di Sangiuliano. Assiteca sim quindi si appresta ad allargare il raggio d’azione. “Fino ad ora abbiamo fatto solo consulenza su portafogli amministrati, da settembre partiamo anche con le gpm e con un prodotto di punta che sarà quello delle polizze vita multi ramo e ramo terzo all’interno delle quali manterremo le stesse regole di trasparenza adottate per i contratti di consulenza e cioè zero fondi nei portafogli e costi preventivamente esplicitati”, assicura Russo.  Il nuovo servizio di gestione di portafoglio, che sarà diretto da Riccardo Sangiuliano già relationship manager Ubs Italia, comprende: tre linee di gestione di portafoglio cui saranno affiancate linee di gestione personalizzate e appunto le polizze vita dove Assiteca sim agirà come gestore delegato.  “Le polizze”, sottolinea l’a.d. “saranno collocate dal nostro broker Assiteca Spa che dispone di una rete di oltre 500 professionisti in oltre 20 sedi. Sono in corso di definizione accordi con le principali compagnie assicurative che struttureranno le polizze che saranno gestite da Assiteca sim”. La differenza tra i due servizi sarà esclusivamente nel regime: amministrato, nel caso della consulenza e gestito, nel caso delle gestioni patrimoniali e delle polizze; mentre il metodo d’investimento, il value investing, sarà comune a entrambi i servizi.Agnello a capo della rete nascente. Una delle novità in pista di Assiteca sim è la creazione di una piccola rete cf “Marcello Agnello (già direttore commerciale di Millennium sim, n.d.r.) fa parte della nostra squadra dallo scorso 4 luglio”, spiega Russo, “con il ruolo di direttore commerciale avrà il compito di attrarre consulenti abilitati all’offerta fuori sede che possano sposare un modello fortemente indipendente in linea con la Mifid 2.  Il nostro obiettivo è costituire una piccola rete di cf, ne abbiamo cinque consulenti finanziari, che contiamo di arrivare a venti entro fine 2018. Al momento abbiamo due trattative in corso”. A proposito della consulenza a pagamento separata dal collocamento, “La parcella calcolata sul patrimonio conferito è di media dello 0,8% su base annua”, continua l’a.d. di Assiteca sim. “Per le linee di gestione prevediamo invece, a seconda del profilo di rischio, una commissione media dell’1%. Il nostro cliente tipo è da private banking ma con le gestioni patrimoniali l’obiettivo è di attrarre anche clienti di taglio piccolo – sopra i 50mila euro come soglia minimi”. Con l’avvio delle gestioni l’idea è di partecipare a bandi di gare per la gestione di portafogli di grandi investitori istituzionali. Tra consulenza e amministrato il patrimonio affidato dai clienti ad Assiteca sim ammonta a circa 80 milioni di euro, l’obiettivo è raggiungere 200 milioni di euro nei prossimi 24 mesi. Ultimo capitolo l’apertura alla robo advice. “Stiamo guardando con molta curiosità ad alcuni fornitori di algoritmi gestionali che non escludiamo possano in futuro far parte della nostra offerta come robo advisor, a condizione che siano estremamente chiari i metodi di calcolo dell’algoritmo, nonché la valutazione e rischiosità di tali strumenti”, ha concluso Russo.Vuoi ricevere le notizie di Bluerating direttamente nel tuo Inbox? Iscriviti alla nostra newsletter!Blue Financial Communication S.p.A.Sede sociale: Via Melchiorre Gioia 55 - 20124 MilanoIscritta al registro delle imprese di MilanoNumero di iscrizione / P.IVA 11673170152Le foto presenti su www.bluerating.com sono in larga parte prese da internet e quindi valutate di pubblico dominio. Se i soggetti o gli autori avessero qualcosa in contrario alla pubblicazione non avranno che da segnalarlo alla redazione (indirizzo email redazione@bluerating.com) che provvederà alla rimozione delle immagini utilizzate."""
23,1,ASSITECA INTERNAZIONALE DI BROKERAGGIO ...,https://www.asefibrokers.com/broker/assiteca-internazionale-di-brokeraggio-assicurativo,16 mar 2007 ," ASSITECA INTERNAZIONALE DI BROKERAGGIO ASSICURATIVO. Tipo azienda: SPA. Tipo sede: Principale. Indirizzo: Via Sigieri, 14. Città: Milano. Provincia:."," ASSITECA INTERNAZIONALE DI BROKERAGGIO ASSICURATIVO. Tipo azienda: SPA. Tipo sede: Principale. Indirizzo: Via Sigieri, 14. Città: Milano. Provincia:."
24,1,Assiteca compra l'aggregatore 6Sicuro - Economy,https://www.economymag.it/gestire-l-impresa/2020/03/03/news/assiteca-compra-laggregatore-6sicuro-11009/,3 mar 2020 , “Assiteca è sempre stato un innovatore del mercato assicurativo” dichiara il Presidente di Assiteca Luciano Lucca. “Ho lanciato 6Sicuro nel 2000 favorendo la ..., “Assiteca è sempre stato un innovatore del mercato assicurativo” dichiara il Presidente di Assiteca Luciano Lucca. “Ho lanciato 6Sicuro nel 2000 favorendo la ...
25,1,ASSI:BrsaItaliana Stock Quote - Assiteca SpA Internazionale ...,https://www.bloomberg.com/quote/ASSI:IM,10 ott 2016 ," Stock analysis for Assiteca SpA Internazionale Di Brokeraggio Assicurativo (ASSI:BrsaItaliana) including stock price, stock chart, company news, key statistics, ...","Connecting decision makers to a dynamic network of information, people and ideas, Bloomberg quickly and accurately delivers business and financial information, news and insight around the world.Connecting decision makers to a dynamic network of information, people and ideas, Bloomberg quickly and accurately delivers business and financial information, news and insight around the world."
