,Title,Link,Description,Text
0,ASSITECA - il più grande broker assicurativo italiano,https://www.assiteca.it/,13 gen 2014 — ASSITECA è il più grande broker assicurativo italiano e offre servizi professionali e consulenza sulla gestione integrata dei rischi aziendali.,"Assiteca è il più grande broker assicurativo italiano. Dal luglio 2015 è il primo broker quotato alla Borsa Italiana - Segmento AIM Italia.Assiteca arricchisce l’attività tradizionale di brokeraggio assicurativo con specifici servizi di consulenzaProdotti esclusivi e innovativi, divisioni specialistiche con competenze specifiche in particolari aree di rischio.Scopri le ultime news e gli approfondimenti dedicati alla gestione del rischioL'attenzione nei confronti della collettività, della cultura, del territorio e del sociale caratterizza da sempre l'attività di ASSITECA. Un comportamento equo e giusto, che tenga conto dell'impatto che le decisioni e le strategie adottate …Offrire una gestione integrata dei rischi attraverso una metodologia di lavoro che coniuga consulenza e intermediazione assicurativa consente di  costruire un efficace sistema di controllo utile a prevenire, mitigare e proteggere l'azienda.I …"
1,Tris di pretendenti su Assiteca Assinews.it,https://www.assinews.it/04/2019/tris-pretendenti-assiteca/660062121/,"5 apr 2019 — Tris di pretendenti su Assiteca. 5 Aprile 2019. Dopo la generosa offerta di Aon, altri operatori pronti a investire nel broker. A ...","Dopo la generosa offerta di Aon, altri operatori pronti a investire nel broker A manifestare interesse sarebbero stati Toscafunds, Ggh Holding e Ta Associates. Ma la decisione finale sulla vendita dipende dal presidente Lucca (ancora incerto) che detiene il 79% del capitale di Anna MessiaTorna alto l’interesse su Assiteca  con tre nuovi pretendenti che, secondo quanto risulta a MF-Milano Finanza, si sarebbero fatti avanti nelle scorse settimane interessati a valutare un investimento nella società. Già nei mesi scorsi, il primo broker assicurativo italiano indipendente, unico quotato a Piazza Affari da luglio 2015, era stato oggetto di desideri. C’è stato un momento in cui il presidente, fondatore e azionista della società con poco meno del 79%, Luciano Lucca, sembrava interessato a valutare l’ipotesi dare vita ad un riassetto nel capitale di Assiteca  e l’interesse di possibili acquirenti era sembrato subito altissimo.A farsi avanti l’estate scorsa erano stati i grandi broker internazionali, Aon e Marsh, che per accaparrarsi Assiteca  sarebbero stati pronti a mettere sul piatto un cifra superiore ai 100 milioni di euro (ieri il broker capitalizzava in borsa 72,5 milioni). Nel frattempo Lucca era tornato sui suoi passi, rimandando le ipotesi di vendita e spingendo anzi la società con entusiasmo verso nuovi progetti di sviluppo. Poi lo stesso Lucca avrebbe dato mandato a un consigliere di fiducia di sondare di nuovo il mercato in cerca di possibile interessi e anche questa volta la risposta è stata subito pronta.A manifestare interesse è stata in particolare Toscafunds, società fondata nel 2000 da Martin Hughes e che nel 2016 è entrata anche nel capitale di Banca Carige  e altre due imprese che operano già nel settore del brokeraggio assicurativo. Si tratta in particolare di Ggh holding, il gruppo General Holding di Massimo Giannolli, composto da Generalfinance (partecipato dal Credito Valtellinese ) e da Generalbroker, che dal 1991 svolge attività di intermediazione assicurativa e riassicurativa. Il terzo pretendente sarebbe poi il gruppo internazionale TA Associates, uno dei colossi del private equity Usa, che in Italia a gennaio ha rilevato una quota di List spa, società di Pisa, sviluppatore di applicazioni per l’industria finanziaria, tra i principali fornitori di tecnologia per i capital market in Europa. Insomma, ancora una volta operatori di primo piano sono pronti a farsi avanti per la società di brokeraggio fondata da Lucca, che ha chiuso il semestre a dicembre 2018 (sfasato di sei mesi) con ricavi in crescita del 4% a 39 milioni, utile netto salito del 12%, a 7,3 milioni ed ebitda di 8,5 milioni (+8%). Secondo Lucca la società è pronta a procedere a nuove acquisizioni: «Dopo aver definito l’operazione Assidea contiamo di chiudere entro giugno altre trattative per acquisire società di brokeraggio assicurativo». Anche Aon, se il dossier tornasse caldo, potrebbe farsi di nuovo avanti visto che in più occasioni il gruppo ha fatto sapere di voler crescere in tutta Europa, dall’Inghilterra alla Francia, passando per la Germania e per l’Italia. (riproduzione riservata)I dati dei veicoli plasmeranno i servizi dell’assicurazione auto del futuro 16 Novembre 20202019. Nuovi record per i rami danni non auto 4 Novembre 2020La “Ballata del Cerutti” ovvero furto e assicurazione della R.C.A. 4 Novembre 2020Presunzione di colpa concorrente 4 Novembre 2020TUTTA ITALIA (ad esclusione di Campania e Puglia)Assicura Point Trade Srl ti aiuta a far crescere il tuo Portafoglio Clienti e a raddoppiare i tuo Guadagni.I nostri prodotti RCA E NON SOLO: Sei un Intermediario Assicurativo, un Agente o un Broker e hai difficoltà a stipulare nuove polizze RCA e NON? Scegli Noi.Leggi l’annuncio completo… TUTTA ITALIADiventa collaboratore di Facile.it Partner Facile.it Broker di Assicurazioni S.p.A ricerca nuovi collaboratori per la sviluppare la propria rete di intermediari assicurativi su tutto il territorio italiano. > Maggiori info  VEDI TUTTI GLI ANNUNCIAssicura Point Trade Srl ti aiuta a far crescere il tuo Portafoglio Clienti e a raddoppiare i tuo Guadagni.I nostri prodotti RCA E NON SOLO: Sei un Intermediario Assicurativo, un Agente o un Broker e hai difficoltà a stipulare nuove polizze RCA e NON? Scegli Noi.Diventa collaboratore di Facile.it Partner Facile.it Broker di Assicurazioni S.p.A ricerca nuovi collaboratori per la sviluppare la propria rete di intermediari assicurativi su tutto il territorio italiano. > Maggiori infoNecessary cookies are absolutely essential for the website to function properly. This category only includes cookies that ensures basic functionalities and security features of the website. These cookies do not store any personal information.Any cookies that may not be particularly necessary for the website to function and is used specifically to collect user personal data via analytics, ads, other embedded contents are termed as non-necessary cookies. It is mandatory to procure user consent prior to running these cookies on your website."
2,"Assicurazioni, Assiteca acquisisce l'80% di Assita - InsurZine",https://insurzine.com/assicurazioni-assiteca-acquisisce-l80-di-assita/,"1 ago 2019 — Il broker assicurativo Assiteca ha annunciato l'acquisto dell'80%, pari a 2,8 milioni di euro, del capitale azionario di Assita.","Assicurazioni, Assiteca acquisisce l’80% di Assita.Il broker assicurativo Assiteca ha annunciato l’acquisto dell’80%, pari a 2,8 milioni di euro, del capitale azionario di Assita, agenzia plurimandataria specializzata nell’assicurazione di responsabilità civile professionale. Il 20% viene mantenuto da Daniela Bernuzzi Bassi, moglie del fondatore di Assita, Enrico Bassi e ora presidente del nuovo Consiglio di amministrazione della società.“L’acquisizione di Assita” dichiara il presidente di Assiteca Luciano Lucca “rientra nella strategia di crescita per linee esterne di Assiteca volta al rafforzamento delle competenze e dell’offerta di prodotti e servizi in settori specialistici, quali appunto quello della R.C. Professionale, ramo assicurativo che negli ultimi anni, anche a seguito di aggiornamenti normativi che per alcuni ordini hanno previsto l’obbligo di assicurazione, ha conosciuto un importante sviluppo”.Nell’operazione, Assiteca. è stata assistita da KT&Partners.Seguici sui nostri canali social: Facebook e Twitter"
3,"Assiteca, la tua assicurazione ancora più vicina | Asarva",https://www.asarva.org/2016/11/assiteca-assicurazione-vicina/,"14 nov 2016 — Per essere ancora più vicini alle nostre imprese, da lunedì 14 novembre 2016 gli uffici di Assiteca si sono trasferiti nella nostra sede di via Sanvito Silvestro 92 a ...","Per essere ancora più vicini alle nostre imprese, da lunedì 14 novembre 2016 gli uffici di Assiteca si sono trasferiti nella nostra sede di via Sanvito Silvestro 92 a Varese. Per ogni informazione è a disposizione la consulente assicurativa:Brunella Caputo
brunella.caputo@assiteca.it
tel. 0332 256728 | fax 0332 256729
da lunedì a giovedì dalle 8.30 alle 17.00
venerdì dalle 8.30 alle 13.00
Varese, via Sanvito Silvestro 92Già da alcuni anni Confartigianto Imprese Varese ha sottoscritto la convenzione con Assiteca, il più grande gruppo italiano di brokeraggio assicurativo, per consentire agli imprenditori soci e ai loro familiari di risparmiare sulle polizze aziendali e personali grazie alle migliori soluzioni e coperture presenti sul mercato.A tutti i soci è garantita la consulenza assicurativa gratuita, oltre alla gestione completa delle polizze, delle loro scadenze e dei sinistri. Di seguito le nostre proposte assicurativeIn ogni momento la consulente è possibile valutare le singole necessità assicurative in base a specifiche esigenze.Per ogni informazione
Gianni Barzaghi
gianni.barzaghi@asarva.org
tel. 0332 256211Confartigianato Imprese Varese - Viale Milano, 5 - Varese 
		     	Tel. 0332 256111  Fax 0332 256200  N. verde 800 650595 
asarva@asarva.org  P.IVA 00449700129"
4,"Assiteca chiude l'aumento di capitale riservato a Tikehau, che ...",https://bebeez.it/2019/11/06/assiteca-chiude-laumento-capitale-riservato-tikehau-compra-2343-lucca-si-diluisce-al-6038/,"6 nov 2019 — Assiteca è il più grande broker assicurativo italiano ed è quotato all'Aim Italia. Il suo bilancio consolidato del primo semestre 2019 ha registrato ricavi lordi per 70,7 ...","BeBeez seleziona per voi i libri più interessanti in commercio a livello internazionale sui temi del private equity, venture capital, private debt, crowdfunding, social lending e finanza e storie d'impresa. Il servizio è in affiliazione con Amazon, ma stiamo lavorando per affiliarci anche ad altri distributori per ampliare la gamma di proposte. Editori e distributori interessati possono contattarci a [email protected] Sempre in questa sezione saranno disponibili anche libri editi e messi in vendita da EdiBeez. BeBeez è disponibile ad affiancare gli imprenditori che intendono raccontare la storia della loro impresa e trasformarla in un libro e in un video (in questo caso in collaborazione con ClassCnbc, gruppo Class Editori). Per richieste e quotazioni scrivere a [email protected]BeBeez è letto da imprenditori e manager d'impresa, da avvocati d'affari, consulenti specializzati in finanza d'impresa e m&a, da manager di banche d'affari e intermediari finanziari, da manager di fondi di private equity, venture capital e private debt, da startupper, manager di incubatori e acceleratori d'azienda, da studenti e professori universitari. BeBeez può mettere in relazione tutte queste persone. Chi ha un posto di lavoro da offrire, può comunicarlo qui.Chi sta cercando lavoro potrà comunicare direttamente con chi lo offre, inviando il suo cv solo con un click. Per pubblicare un'offerta di lavoro, clicca qui.Sono riorganizzate qui per settore di attività tutte le notizie pubblicate da BeBeez sulle varie società partecipate o finanziate dai fondi di private equity, venture capital o private debt oppure da business angel o tramite equity crowdfunding. Sempre organizzato per settore sarà a breve disponibile gratuitamente il database aggiornato delle società partecipate. Mentre è in preparazione un database completo e interattivo che sarà possibile acquistare online. Per essere tenuti aggiornati su tempi di pubblicazione e costi del database, scrivere a [email protected].BeBeez seleziona per voi i libri più interessanti in commercio a livello internazionale sui temi del private equity, venture capital, private debt, crowdfunding, social lending e finanza e storie d'impresa. Il servizio è in affiliazione con Amazon, ma stiamo lavorando per affiliarci anche ad altri distributori per ampliare la gamma di proposte. Editori e distributori interessati possono contattarci a [email protected] Sempre in questa sezione saranno disponibili anche libri editi e messi in vendita da EdiBeez. BeBeez è disponibile ad affiancare gli imprenditori che intendono raccontare la storia della loro impresa e trasformarla in un libro e in un video (in questo caso in collaborazione con ClassCnbc, gruppo Class Editori). Per richieste e quotazioni scrivere a [email protected]BeBeez è letto da imprenditori e manager d'impresa, da avvocati d'affari, consulenti specializzati in finanza d'impresa e m&a, da manager di banche d'affari e intermediari finanziari, da manager di fondi di private equity, venture capital e private debt, da startupper, manager di incubatori e acceleratori d'azienda, da studenti e professori universitari. BeBeez può mettere in relazione tutte queste persone. Chi ha un posto di lavoro da offrire, può comunicarlo qui.Chi sta cercando lavoro potrà comunicare direttamente con chi lo offre, inviando il suo cv solo con un click. Per pubblicare un'offerta di lavoro, clicca qui.Sono riorganizzate qui per settore di attività tutte le notizie pubblicate da BeBeez sulle varie società partecipate o finanziate dai fondi di private equity, venture capital o private debt oppure da business angel o tramite equity crowdfunding. Sempre organizzato per settore sarà a breve disponibile gratuitamente il database aggiornato delle società partecipate. Mentre è in preparazione un database completo e interattivo che sarà possibile acquistare online. Per essere tenuti aggiornati su tempi di pubblicazione e costi del database, scrivere a [email protected].Tikehau Capital ha rilevato il 23,43% di Assiteca spa, sottoscrivendo un aumento di capitale riservato per 25 milioni di euro a 2,5 euro per azione (si veda qui il comunicato stampa). L’operazione era stata annunciata nell’agosto scorso (si veda altro articolo di BeBeez).Nel dettaglio, l’aumento di capitale è stato effettuato dal veicolo Chaise spa, newco controllata indirettamente e interamente dal fondo Tikehau Growth Equity II, gestito da Tikehau Investment Management. Contestualmente, la società ha reso noto che l’azionista di riferimento, Lucca srl, che fa capo al presidente Luciano Lucca, ha ridotto la sua partecipazione al 60,38% del capitale.Assiteca è il più grande broker assicurativo italiano ed è quotato all’Aim Italia. Il suo bilancio consolidato del primo semestre 2019 ha registrato ricavi lordi per 70,7 milioni e netti per 63,7 milioni; un ebitda di 11 milioni (15,6% dei ricavi lordi) e un utile netto di 5,4 milioni (+18,1% dall’esecizio precedente). La società ha cominciato che distribuirà un dividendo di 0,07 euro per azione.L’ingresso di Tikehau in Assiteca è finalizzato a dare impulso all’importante progetto di crescita del gruppo, che comprende anche l’acquisizione di imprese terze attive nel medesimo settore. Per Tikehau si tratta della seconda operazione di private equity in Italia condotta tramite il fondo Tikehau Growth Equity II, dopo quella su Dove Vivo (si veda altro articolo di BeBeez). Tikehau è un gruppo di alternative asset management e di investimento indipendente quotato all’Euronext di Parigi con 23,4 miliardi di euro di gestione. In Italia è stato sinora molto attivo nel real estate e nel private debt.C.so Italia 22 - 20122 - Milano C.F. | P.IVA 09375120962 Aut. Trib. Milano n. 102 del 3 aprile 2013Copyright © 2016 BeBeez | Powered by DaoSquare | Privacy Policy | Cookie PolicyCopyright © 2016 BeBeez | Powered by DaoSquare | Privacy Policy | Cookie Policy"
5,"Assiteca, il broker assicurativo si sposta sui servizi di ...",https://www.repubblica.it/economia/affari-e-finanza/2017/12/04/news/assiteca_il_broker_assicurativo_si_sposta_sui_servizi_di_consulenza_si_devono_prevenire_i_rischi-182969709/,"4 dic 2017 — Assiteca, il broker assicurativo si sposta sui servizi di consulenza “Si devono prevenire i rischi”. 04 Dicembre 2017 pubblicato + di un anno fa 1° minuti di lettura.",
6,"Assiteca, i conti dell'esercizio 2018/2019 | SoldiOnline.it",https://www.soldionline.it/notizie/azioni-italia/assiteca-semestre-2019,"30 set 2019 — Assiteca ha chiuso l'esercizio 2018/2019 con ricavi lordi pari a 70,7 milioni di euro, in crescita del 5% rispetto ai 67,4 milioni dell'esercizio precedente.","Assiteca ha chiuso l'esercizio 2018/2019 con ricavi lordi pari a 70,7 milioni di euro, in crescita del 5% rispetto ai 67,4 milioni dell'esercizio precedente. Il 2018/2019 si è chiuso con un risultato netto di 5,4 milioni di euro, in salita del 18,1% rispetto ai 4,6 milioni di euro dell'esercizio 2017/2018.A fine giugno 2019 la posizione finanziaria netta evidenziava un debito pari a 23,3 milioni, con un miglioramento di 0,4 milioni rispetto ai 23,7 milioni di 12 mesi prima.Sulla base di questi conti il consiglio di amministrazione ha deliberato di proporre all’assemblea la distribuzione di un dividendo pari a 0,07 euro per azione. Lo stacco della cedola è prevista per il 23 dicembre 2019, con il pagamento a decorrere dal successivo 27 dicembre 2019.Assiteca ha chiuso il primo semestre 2018/2019 con ricavi pari a 39 milioni di euro, in crescita del 4% dai 37,6 milioni del primo semestre 2017/2018. L'utile ha toccato i 4,77               LeggiAssiteca ha chiuso il primo semestre dell'eserczio 2019/2020 con ricavi pari a 45 milioni, in crescita del 15% rispetto allo stesso semestre dell'esercizio precedente               LeggiAssiteca - broker assicurativo italiano attivo nella consulenza per la gestione integrata dei rischi e quotato all’AIM Italia - ha comunicato i risultati finanziari               LeggiNoiPA è la piattaforma digitale per la gestione del personale e degli stipendi del settore pubblico.Il cassetto fiscale è un archivio online tramite il quale ogni contribuente può consultare qualsiasi informazione riguardante la propria posizione fiscale Continua »© Copyright 2020 Mondadori Media S.p.A. - riproduzione riservata - P.IVA 08009080964I dati relativi al mercato italiano, in  differita di 20 minuti, sono di Borsa Italiana e distribuiti da vwd  Italia."
7,Assiteca - Apps on Google Play,https://play.google.com/store/apps/details?id=it.assiteca.sinistri&hl=en_US&gl=US,"18 mag 2018 — ASSITECA è il primo gruppo italiano nel mercato del brokeraggio assicurativo. Adotta un approccio innovativo alla gestione dei rischi aziendali, arricchendo ...",
8,"ASSITECA, i soci approvano la fusione di Arena Broker ...",https://www.trend-online.com/ansa/assitecai-soci-approvano-la-fusione-di-arena-broker--379459/,"21 apr 2020 — ... l'Assemblea straordinaria e ordinaria degli Azionisti di ASSITECA, il maggior broker assicurativo italiano leader nella consulenza per la gestione integrata dei ...","Si è riunita il 20 aprile 2020, in prima convocazione in modalità audio-video conferenza sotto la Presidenza di Luciano Lucca, l'Assemblea straordinaria e ordinaria degli Azionisti di ASSITECA, il maggior broker assicurativo italiano leader nella consulenza per la gestione integrata dei rischi di impresa e quotato all'AIM di Borsa Italiana S.Le Guide gratuite di Trend-online.com. Abbiamo raccolto in 203 pagine tutte le novità sui Bonus 2020. Un'opera realizzata dalla nostra redazione completamente gratuita che puoi scaricare immediatamente.Si è riunita il 20 aprile 2020, in prima convocazione in modalità audio-video conferenza sotto la Presidenza di Luciano Lucca, l'Assemblea straordinaria e ordinaria degli Azionisti di ASSITECA, il maggior broker assicurativo italiano leader nella consulenza per la gestione integrata dei rischi di impresa e quotato all'AIM di Borsa Italiana S.p.A.*Fusione per incorporazione della controllata *Arena Broker S.r.l. nella controllante totalitaria ASSITECA S.p.A. L'Assemblea straordinaria ha approvato l'avvio della fusione per incorporazione della controllata Arena Broker S.r.l. nella controllante totalitaria ASSITECAS.p.A., sulla base del progetto di fusione e delle situazioni patrimoniali delle predette società al 16 marzo 2020.Proposta di autorizzazione all'acquisto e alla disposizione di azioni proprieL'organo amministrativo di ASSITECA ha ritirato la proposta di autorizzazione all'acquisto e alla disposizione di azioni proprie, che non è quindi stata messa ai voti.Copyright © 2000 - 2020 Le Fonti S.r.l. - Via Dante, 4 - 20121 Milano, (MI) P.IVA IT04496930969"
9,‎Assiteca su App Store,https://apps.apple.com/it/app/assiteca/id1382605842,"19 mag 2018 — ... le valutazioni dei clienti, guarda gli screenshot e ottieni ulteriori informazioni su Assiteca. Scarica Assiteca direttamente sul tuo iPhone, iPad e iPod touch.","Quest’app è disponibile solo sull’App Store per iPhone.ASSITECA è il primo gruppo italiano nel mercato del brokeraggio assicurativo. Adotta un approccio innovativo alla gestione dei rischi aziendali, arricchendo l’attività tradizionale di brokeraggio con specifici servizi di consulenza, finalizzati a completare l’offerta di soluzioni assicurative con strumenti interni di gestione dei rischi.I professionisti di Assiteca lavorano a stretto contatto con i Clienti e assicurano una gestione integrata dei rischi aziendali, attraverso una metodologia di lavoro che coniuga analisi, consulenza e intermediazione, permettendo la costruzione di un efficiente ed efficace sistema di controllo che previene, mitiga e protegge. Per le aziende clienti che abbiano sottoscritto polizze Incendio/All Risks, Assiteca offre in esclusiva un nuovo servizio di assistenza per gli interventi di salvataggio e messa in sicurezza urgente a seguito di sinistro. Gli interventi di salvataggio e contenimento del danno, quando siano precisi e tempestivi, costituiscono la prima e fondamentale contromisura verso le conseguenze negative di un evento dannoso. Per rendere quanto più possibile efficaci e risolutive tali attività, Assiteca mette a disposizione dei propri Clienti un nuovo servizio di assistenza semplice e gratuito.A seguito di un sinistro che colpisca direttamente un bene aziendale assicurato (ad esempio un incendio, un evento atmosferico, un allagamento), con una semplice chiamata al Numero Verde 800 909647, i Clienti Assiteca possono attivare un servizio di emergenza per gli interventi di salvataggio e di messa in sicurezza urgente. Entro 2 ore dal primo contatto, i Clienti riceveranno una prima consulenza telefonica da parte di un operatore specializzato con le prime indicazioni sui più opportuni interventi di contenimento e salvataggio da porre in atto. Entro le successive 12 ore, potranno chiedere un sopralluogo tecnico da parte di società di risanamento e bonifica altamente qualificata, volto ad approfondire la situazione e ad organizzare tutti gli ulteriori interventi di più immediata necessità per contenere il danno materiale e mitigare gli effetti dell’evento. Le spese per tali interventi rientrano, ai sensi di legge e delle condizioni di polizza, nell’ambito delle coperture assicurative dirette, alla condizione che non siano state fatte inconsideratamente. L’APP mette a disposizione anche una serie di manuali con le procedure da seguire per una corretta gestione del sinistro in ambito Incendio, Furto e rapina, Responsabilità Civile, Infortuni, RC Auto. Per ogni tipologia di sinistro vengono indicate le attività che l’azienda deve compiere:    1. al momento del danno,    2. al momento della perizia,    3. al momento della valutazione,    4. al momento della liquidazione del danno.Sono scaricabili i moduli da utilizzare per la denuncia del sinistro alla compagnia di assicurazione.Correzione di bug e miglioramenti delle prestazioni.Richiede iOS 9.0 o versioni successive. Compatibile con iPhone, iPad e iPod touch.Se “In famiglia” è stato attivato, fino a sei membri della famiglia potranno usare l’app."
10,Luciano Lucca (Assiteca): «Una polizza sul futuro? Investite ...,https://www.corriere.it/economia/finanza/20_marzo_24/luciano-lucca-assiteca-una-polizza-futuro-investite-voi-stessi-92c20c3a-6d2e-11ea-ba71-0c6303b9bf2d.shtml,"24 mar 2020 — Il brokeraggio assicurativo è un business in Italia. Lo dimostrano Assiteca, arrivata a 70 milioni di fatturato, e la storia del suo fondatore. «Se...","Era l’anno dei Mondiali, quelli dell’82. In un’Italia profondamente diversa dall’attuale, l’avventura imprenditoriale del trentacinquenne Luciano Lucca, iniziata in solitaria dieci anni prima, era a una svolta, decisiva.Con un gruppo di colleghi Lucca smette di lavorare per conto terzi, il broker assicurativo Cpa, e fonda Assiteca. È il momento iniziale di una avventura che avrebbe portato questo distinto signore oggi 73enne, milanese e milanista, amante del calcio italiano, delle cravatte francesi e delle automobili inglesi, a governare un gruppo consulenziale avviato a superare i 70 milioni di euro fatturato e con 700 dipendenti. Un piccolo miracolo italiano in un settore, tutt’al più, considerato alla stregua di una riserva di caccia anglosassone.«Vede — dice Lucca, 38 anni più tardi — il fatto è che io mi diverto ancora come quel giorno, nonostante l’età. Abbiamo creato Assiteca e ne abbiamo fatto uno dei leader italiani nel mercato del brokeraggio assicurativo. In un settore dominato dai grandi colossi stranieri, come Aon e Marsh, siamo riusciti a inserirci grazie a coerenza, trasparenza e investimenti».PresenzeDa Milano, Assiteca ha allargato l’orizzonte a tutta la Penisola. «Oggi abbiamo venti sedi in Italia, circa 170 account executive e una posizione da leader nel segmento dei crediti commerciali, degli eventi naturali legati all’agricoltura e anche delle grandi opere. Soprattutto, stiamo affiancando la nostra clientela cambiando lentamente pelle: non più solamente intermediario per i prodotti assicurativi, in un mercato totalmente inefficiente come quello italiano e che quindi dovrebbe maggiormente apprezzare la figura di un broker, ma sempre più consulente strategico per molteplici aspetti. Le aziende, infatti, hanno sempre più bisogno di essere accompagnate da un consulente. E in Assiteca trovano spesso le competenze di cui necessitano».Da Milano, Assiteca ha allargato l’orizzonte a tutta la Penisola. «Oggi abbiamo venti sedi in Italia, circa 170 account executive e una posizione da leader nel segmento dei crediti commerciali, degli eventi naturali legati all’agricoltura e anche delle grandi opere. Soprattutto, stiamo affiancando la nostra clientela cambiando lentamente pelle: non più solamente intermediario per i prodotti assicurativi, in un mercato totalmente inefficiente come quello italiano e che quindi dovrebbe maggiormente apprezzare la figura di un broker, ma sempre più consulente strategico per molteplici aspetti. Le aziende, infatti, hanno sempre più bisogno di essere accompagnate da un consulente. E in Assiteca trovano spesso le competenze di cui necessitano».L’avventura lavorativa di Lucca inizia nel 1965, dai gradini più bassi della professione. Faceva il venditore di polizza («porta a porta, suonando i campanelli», ricorda), prima per il colosso americano Aig, poi per Toro. «Dopo qualche anno, era il 1972, aprii Verconsult, una piccola attività di brokeraggio che gestivo in autonomia e che successivamente mi portò ad entrare in Cpa, un gruppo che allora andava per la maggiore. Lì, negli anni, maturai con alcuni colleghi la convinzione che il brokeraggio avrebbe avuto un futuro in Italia. E nel 1982 iniziammo la nostra avventura fondando Assiteca».MaggioranzeDa allora, lo sviluppo del business ha portato Lucca ad acquisire nel 2006 la maggioranza della società e nel 2013 la totalità delle azioni, liquidando tutti i soci. Assiteca diventa piena proprietà della famiglia: Lucca, sua moglie Simona, mentre i due figli entrano in azienda, Giulia che va ad occuparsi di amministrazione e controllo, mentre Tommaso assume la responsabilità dello sviluppo del mercato spagnolo. L’ultimo esercizio ha chiuso con ricavi netti consolidati per 63,694 milioni di euro, un ebitda di 11 milioni e un utile netto di 5,423 milioni, in crescita del 18 per cento sull’esercizio precedente, che ha consentito un dividendo lordo di 7 centesimi per azione, già pagato.Da allora, lo sviluppo del business ha portato Lucca ad acquisire nel 2006 la maggioranza della società e nel 2013 la totalità delle azioni, liquidando tutti i soci. Assiteca diventa piena proprietà della famiglia: Lucca, sua moglie Simona, mentre i due figli entrano in azienda, Giulia che va ad occuparsi di amministrazione e controllo, mentre Tommaso assume la responsabilità dello sviluppo del mercato spagnolo. L’ultimo esercizio ha chiuso con ricavi netti consolidati per 63,694 milioni di euro, un ebitda di 11 milioni e un utile netto di 5,423 milioni, in crescita del 18 per cento sull’esercizio precedente, che ha consentito un dividendo lordo di 7 centesimi per azione, già pagato.Linee esterneLa crescita del fatturato, che dovrebbe essere consistente nell’esercizio in corso che chiuderà il 30 giugno, è stata supportata da una massiccia campagna di acquisizioni. L’ultima è il sito 6sicuro, un comparatore di polizze assicurative, sul cui acquisto è stata posta la firma definitiva il 26 febbraio scorso: al 21,21 per cento già in portafoglio si è aggiunta la quota mancante del 78,79 per cento. «Le acquisizioni ci hanno permesso di crescere — dice Lucca — e di farlo rapidamente. Oggi in Italia, se fossimo una compagnia di assicurazione, con i nostri 700 milioni di premi pagati saremo nel gruppo delle prime dieci. Ma siccome siamo un broker siamo anche più avanti in classifica. Soprattutto, Assiteca è riuscita a staccarsi nettamente per fatturato e dimensione da tutti i piccoli e nel panorama di vertice siamo l’unica voce italiana tra gli operatori stranieri».La crescita del fatturato, che dovrebbe essere consistente nell’esercizio in corso che chiuderà il 30 giugno, è stata supportata da una massiccia campagna di acquisizioni. L’ultima è il sito 6sicuro, un comparatore di polizze assicurative, sul cui acquisto è stata posta la firma definitiva il 26 febbraio scorso: al 21,21 per cento già in portafoglio si è aggiunta la quota mancante del 78,79 per cento. «Le acquisizioni ci hanno permesso di crescere — dice Lucca — e di farlo rapidamente. Oggi in Italia, se fossimo una compagnia di assicurazione, con i nostri 700 milioni di premi pagati saremo nel gruppo delle prime dieci. Ma siccome siamo un broker siamo anche più avanti in classifica. Soprattutto, Assiteca è riuscita a staccarsi nettamente per fatturato e dimensione da tutti i piccoli e nel panorama di vertice siamo l’unica voce italiana tra gli operatori stranieri».Alla fine del 2019 nel capitale di Assiteca, che ha collocato sul segmento Aim di Borsa italiana il 16,19 per cento delle proprie azioni, è entrato il fondo francese Tikehau tramite Chaise, in forza di un aumento di capitale dedicato da 25 milioni di euro che è valso l’acquisto del 23,43 per cento del capitale (2,5 euro per azione, venerdì scorso il titolo in Borsa veniva scambiato a 1,52 euro). «L’arrivo del socio francese — spiega Lucca — ci ha permesso un sostanzioso consolidamento patrimoniale. Ma le vere ragioni per cui abbiamo aperto il capitale a Tikehau sono industriali. Se avessimo voluto soddisfare solo le ragioni della finanza, avremmo venduto ad altri. Noi, come famiglia Lucca, che ancora oggi controlliamo il 60 per cento del capitale di Assiteca, abbiamo ricevuto ripetute e sostanziose offerte per vendere. Potevamo farlo. Ma il fatto è che a me piace questo lavoro e mi era chiaro che il motivo dell’acquisizione era solamente uno: toglierci dal mercato domestico, dove cominciamo ad essere una realtà da considerare. Io invece voglio sviluppare il nostro business, sono convinto che ci siano straordinarie opportunità di sviluppo».Sviluppi oltreconfineLa scelta su Tikehau, spiega Lucca, è propedeutica a uno sviluppo oltreconfine delle attività di Assiteca. Dopo aver perfezionato l’acquisizione di Assidea, di Muntadas e la costituzione di Assiteca Lugano (al 52 per cento con un partner locale), oggi Lucca guarda più lontano, verso i maggiori mercati europei. «Tikehau è il secondo investitore in Italia e il primo in Spagna, mercato nel quale siamo già presenti dopo l’acquisizione del gruppo Muntadas di Barcellona e ha competenze in molte aree europee. Noi vorremmo svilupparci in Francia, ed è questo il nostro prossimo obiettivo. Sentiamo che è il momento opportuno per crescere e abbiamo in programma, nell’arco dei prossimi cinque anni, acquisizioni in Spagna, Francia e in Sudamerica. Tikehau ci affianca con competenza e un patrimonio relazionale importante, che ci consente di rivedere al rialzo la crescita del fatturato nei prossimi anni. Siamo molto ottimisti, anche perché il mercato italiano inizia ad avvertire, specie attraverso il suo tessuto imprenditoriale, l’esigenza di una consulenza assicurativa competente».La scelta su Tikehau, spiega Lucca, è propedeutica a uno sviluppo oltreconfine delle attività di Assiteca. Dopo aver perfezionato l’acquisizione di Assidea, di Muntadas e la costituzione di Assiteca Lugano (al 52 per cento con un partner locale), oggi Lucca guarda più lontano, verso i maggiori mercati europei. «Tikehau è il secondo investitore in Italia e il primo in Spagna, mercato nel quale siamo già presenti dopo l’acquisizione del gruppo Muntadas di Barcellona e ha competenze in molte aree europee. Noi vorremmo svilupparci in Francia, ed è questo il nostro prossimo obiettivo. Sentiamo che è il momento opportuno per crescere e abbiamo in programma, nell’arco dei prossimi cinque anni, acquisizioni in Spagna, Francia e in Sudamerica. Tikehau ci affianca con competenza e un patrimonio relazionale importante, che ci consente di rivedere al rialzo la crescita del fatturato nei prossimi anni. Siamo molto ottimisti, anche perché il mercato italiano inizia ad avvertire, specie attraverso il suo tessuto imprenditoriale, l’esigenza di una consulenza assicurativa competente».Proprio la vicinanza al sentire aziendale sta spingendo Assiteca verso l’evoluzione da broker a consulente d’ampio raggio: un modo per affrontare la sfida di un mercato in cui non basta più proporre una polizza al prezzo migliore per soddisfare le esigenze della clientela.Comprare casa, da Milano a Roma le zone dove investire (anche con la pandemia)Manovra, contratti a termine, assegno per i figli, «cashback» da dicembre: le novitàLe aziende migliori dove lavorare (in italia). In quale posizione è la tua? ClassificheQuarantena Covid? È malattia solo con certificato Asl. Come funziona: le regole"
11,Assiteca ... - MF AIM News - Alternative Investment Market italia,https://aimnews.milanofinanza.it/scheda-azienda/assiteca-IT0001012639,"6 ott 2019 — Assiteca è il più grande broker assicurativo italiano: svolge attività di intermediazione assicurativa, consulenza e analisi tecnica dei rischi aziendali, a ...","Assiteca è il più grande broker assicurativo italiano: svolge attività di intermediazione assicurativa, consulenza e analisi tecnica dei rischi aziendali, a livello nazionale e internazionale. Nata nel 1982, oggi è presente in 20 città italiane in corrispondenza dei principali centri produttivi e imprenditoriali, nonchè in Spagna -con uffici a Madrid e Barcellona- e in Svizzera a Lugano; in qualità di membro di Eos Risq, Lockton Global e Gallagher Global Alliance è altresì attiva in altri 100 Paesi in Europa e nel mondo. Le azioni della società sono negoziate su Aim Italia dal 7/2015. Con riferimento al primo semestre dell'esercizio 2018/2019, Assiteca Bsa ha rilevato la totalità delle quote di Assiteca Adriatica e incorporato la stessa con effetto 1/1/2018. L'avvio dell'attività di consulenza per il tramite della controllata Assiteca Consulting s.r.l. (detenuta al 100%), ha incontrato l'apprezzamento da parte della clientela e dei prospect, con un positivo ritorno in termini conclusione di nuovi contratti. Assiteca chiude i primi sei mesi dell'esercizio 2018/2019 con un fatturato consolidato di €Mn 38,4, salito del 2,68% confermando i trend di crescita storici del gruppo, a cui contribuisce l'attività di sviluppo del portafoglio e acquisizione di nuova clientela, nonché l'operatività nella consulenza. Per contro si riducono i costi operativi, grazie all'ottenimento di economie di scala. Il miglioramento del reddito operativo e la contrazione degli oneri straordinari favoriscono una crescita del 14,3% nell'utile semestrale di €Mn 4,8, a cui contribuisce anche la riduzione dell'utile di terzi dovuta all'acquisizione delle quote relative a Assiteca Adriatica e Grupo Muntadas. La posizione finanziaria netta, pari a €Mn 32,1 registra un peggioramento di €Mn 6,9 sul 6/2018, legato alla stagionalità degli incassi e ampiamente recuperato nei primi mesi del 2019. Si segnala peraltro che nel 12/2018 sono stati pagati agli azionisti dividendi per €Mn 2,3. Con riferimento al secondo semestre, nel 1/2019 Assiteca SA ha elevato al 100% la propria partecipazione nella spagnola Grupo Muntadas SA (con sede a Barcellona); è stata immediatamente avviata la procedura per la fusione tra le due società, che verrà presumibilmente perfezionata entro la chiusura dell'esercizio, con effetto 1/1/2019. L'operazione Assidea S.r.l., avviata nel precedente esercizio, è stata perfezionata a fine 3/2019 con la formula dell'affitto d'azienda e con un'opzione di acquisto attivabile nei prossimi anni. Per effetto di questa acquisizione, del valore di circa €Mn 1,5 di provvigioni, Assiteca aumenta la propria copertura territoriale, con due nuove filiali a Bari e Campobasso e rinforza la propria presenza sulle sedi di Genova e Pescara. In data 31/7/2019 Assiteca ha acquistato per €Mn 2,8 l'80% di Assita, agenzia plurimandataria leader nell'assicurazione di responsabilità civile professionale e principale intermediario assicurativo di riferimento per liberi professionisti quali medici, avvocati, commercialisti, ingegneri e relativi ordini, associazioni, sindacati e società scientifiche. L'operazione, finanziata attraverso l'utilizzo di mezzi propri, verrà regolata in due tranche di pari importo: la prima versata alla firma del contratto e la seconda da regolare all'approvazione del bilancio 2019 di Assita. In data 7/8/2019 Assiteca ha annunciato un accordo con Tikehau Capital, che prevede un aumento di capitale riservato l'ingresso di Tikehau nell'azionariato di Assiteca pari a €Mn 25, corrispondente a una quota di minoranza del 23,43% a un prezzo di sottoscrizione pari a 2,50 euro per azione. Il closing dell'operazione sarà finalizzato entro l'11/2019. Tikehau è un gruppo di alternative asset management e di investimento indipendente quotato all'Euronext di Parigi con €Md 23,4 di liquidità in gestione ed un patrimonio netto di €Md 3 al 6/2019. Tikehau investirà in Assiteca attraverso il fondo di private equity pan europeo del gruppo, Tikehau Growth Equity II.Assiteca rappresenta la più grande realtà italiana nel mercato del brokeraggio assicurativo. Le azioni della società sono negoziate sull'Aim Italia dal 27/07/2015."
12,Assiteca ha sul tavolo diversi dossier di M&A. E valuta ...,https://financecommunity.it/assiteca-sul-tavolo-diversi-dossier-valuta-passaggio-mta/,"20 set 2019 — Il 7 agosto scorso Assiteca ha annunciato un accordo di investimento con Tikehau Capital per l'ingresso di quest'ultimo nell'azionariato, tramite un aumento di ...","Assiteca ha sul tavolo diversi dossier di M&A, in Italia e all’estero, e valuta il passaggio su Mta. E’ quanto dice, in un’intervista a Financecomunnity.it, l’amministratore delegato del broker assicurativo, consulente sulla gestione dei rischi d’impresa, Gabriele Giacoma.Il 7 agosto scorso Assiteca ha annunciato un accordo di investimento con Tikehau Capital per l’ingresso di quest’ultimo nell’azionariato, tramite un aumento di capitale riservato da 25 milioni di euro. Tikehau ha rilevato il 23,43% del capitale. Il closing è atteso entro metà novembre.Obiettivo dell’ingresso di Tikehau nel capitale, spiega Giacoma, è “accelerare la crescita per linee esterne”, che è nel dna di Assiteca: dal 2015, anno della quotazione, a oggi, infatti, ha acquisito sette aziende. “Stiamo valutando più di un dossier”, prosegue l’AD, “in Italia e all’estero”. Oltre confine, il gruppo ha già messo piede in Spagna e in Svizzera.Avere alle spalle un gruppo di alternative asset management e di investimento con 23,4 miliardi di euro di gestione consente ad Assiteca di spingere ancor più sul pedale dell’attività di M&A. In Italia, del resto, sottolinea Giacoma, “i nostri competitor sono due gruppi esteri, Aon e Marsh”. Dopo Assiteca, in sostanza, ci sono tante società medio-piccole, che fatica sempre più a stare sul mercato perché “la compliance nel nostro settore ha un peso crescente e bisogna avere dimensioni per fronteggiare i costi, una struttura tecnico-commerciale adeguata”. Insomma, il contesto rafforza “il ruolo di aggregatore” di Assiteca.La società guidata da Giacoma ha archiviato il primo semestre dell’esercizio 2018/2019, chiuso il 31 dicembre scorso, con ricavi pari a 39 milioni, un ebitda di 8,5 milioni e un utile netto di 4,77 milioni.La quota su Aim, afferma l’AD, “è stata una scelta positiva, ha avuto effetti significativi sul posizionamento e sulla capacità di comunicare” del gruppo. Ora, però, le maglie dell’Aim vanno un po’ strette ad Assiteca, che valuta il passaggio su Mta. “E’ un tema su cui stiamo ragionando”, dice Giacoma. “Ma vogliamo avere le spalle più larghe, una capitalizzazione adeguata”. Ad ogni modo, per Assiteca “l’Aim è un primo step”.LC srl – Via Tolstoi 10 – 20146 Milano – Tel. 02 84243870 – C.F./P.IVA 07619210961REA 1971432 Registro delle Imprese di Milano – Cap. Soc. Euro 10.000,00 i.v.LC srl – Via Tolstoi 10 – 20146 Milano – Tel. 02 84243870 –
C.F./P.IVA 07619210961 REA 1971432 Registro delle Imprese di Milano –
Cap. Soc. Euro 10.000,00 i.v."
13,"Nasce Gaz-Auto, la piattaforma del Gaz e di Assiteca",https://www.insurancetrade.it/insurance/contenuti/intermediari/9705/nasce-gaz-auto-la-piattaforma-del-gaz-e-di-assiteca,"28 ott 2019 — Il Gruppo agenti Zurich e Assiteca hanno dato il via a Gaz-Auto, la piattaforma di emissione motor auto/autocarri che ""permetterà agli associati del Gruppo agenti ...", 
14,ASSITECA | LinkedIn,https://it.linkedin.com/company/assiteca,4 nov 2020 — ASSITECA | 8.501 follower su LinkedIn. Primo gruppo italiano nel mercato del brokeraggio assicurativo e nella consulenza sulla gestione dei rischi d'impresa., 
15,Azioni Assiteca: quotazioni in tempo reale | IT0001012639 ...,https://www.borsaitaliana.it/borsa/azioni/scheda/IT0001012639.html?lang=it,"29 mag 2020 — ASSITECA è il primo gruppo italiano nel mercato del brokeraggio assicurativo, leader nella gestione integrata dei rischi d'impresa.Nata nel 1982, da luglio 2015 ...","Borsa Italiana non ha responsabilità per il contenuto del sito a cui sta per accedere e non ha responsabilità per le informazioni contenute.Accedendo a questo link, Borsa Italiana non intende sollecitare acquisti o offerte in alcun paese da parte di nessuno.Sarai automaticamente diretto al link in cinque secondi."
16,ASSI:BrsaItaliana Stock Quote - Assiteca SpA Internazionale ...,https://www.bloomberg.com/quote/ASSI:IM,"10 ott 2016 — Stock analysis for Assiteca SpA Internazionale Di Brokeraggio Assicurativo (ASSI:BrsaItaliana) including stock price, stock chart, company news, key statistics, ...","Connecting decision makers to a dynamic network of information, people and ideas, Bloomberg quickly and accurately delivers business and financial information, news and insight around the world.Connecting decision makers to a dynamic network of information, people and ideas, Bloomberg quickly and accurately delivers business and financial information, news and insight around the world."
17,Nasce la rete di Assiteca sim - Bluerating.com - Bluerating.com,https://www.bluerating.com/banche-e-reti/473594/nasce-la-rete-assiteca-sim,"4 set 2017 — “Assiteca sim” racconta infatti l'amministratore delegato Roberto Russo ”è nata con l'idea di abbinare una politica d'investimento che è il value investing, di cui ...","Saranno i venti nuovi della Mifid 2 ma le sim di consulenza si apprestano davvero a cambiare volto.  E’ il caso di Assiteca sim, la società nata nel settembre del 2012 grazie al sodalizio tra Alessandro Falciai (azionista di maggioranza al 75% tra partecipazioni dirette e indirette, Roberto Russo (15%, nella foto) e il broker assicurativo Assiteca Spa (azionista al 9,99%).  “Assiteca sim” racconta infatti l’amministratore delegato Roberto Russo  ”è nata con l’idea di abbinare una politica d’investimento che è il value investing, di cui Warren Buffet è il più autorevole esponente,  con l’indipendenza e la trasparenza operativa che abbiamo in comune con il nostro partner assicurativo Assiteca Spa. La sim nasce come sim di consulenza indipendente e di raccolta e trasmissione ordini.Niente fondi nei portafogli. Da maggio 2017 è arrivata l’autorizzazione alle gestioni di portafoglio che attiveremo a partire da questo mese”. Un servizio che viene lanciato in era Mifid 2 e Russo sottolinea come Assiteca abbia fatto propria la filosofia della seconda versione della direttiva europea sui servizi d’investimenti visto che “la trasparenza e la chiara esplicitazione dei costi è stata da noi sposata sin dal primo giorno della nostra attività con una politica di pricing che non prevede la presenza di fondi all’interno dei portafogli della clientela in consulenza evitando così qualsiasi forma di retrocessione e di costi occulti in capo ai clienti stessi. Il cliente paga solo la commissione di consulenza e di performance, se i risultati superano una certa soglia di rendimento preventivamente concordata.  Inoltre se hanno il conto presso la sim sono esplicitate nel contratto anche le commissioni di negoziazione”.Arrivano polizze e gpm sotto la guida di Sangiuliano. Assiteca sim quindi si appresta ad allargare il raggio d’azione. “Fino ad ora abbiamo fatto solo consulenza su portafogli amministrati, da settembre partiamo anche con le gpm e con un prodotto di punta che sarà quello delle polizze vita multi ramo e ramo terzo all’interno delle quali manterremo le stesse regole di trasparenza adottate per i contratti di consulenza e cioè zero fondi nei portafogli e costi preventivamente esplicitati”, assicura Russo.  Il nuovo servizio di gestione di portafoglio, che sarà diretto da Riccardo Sangiuliano già relationship manager Ubs Italia, comprende: tre linee di gestione di portafoglio cui saranno affiancate linee di gestione personalizzate e appunto le polizze vita dove Assiteca sim agirà come gestore delegato.  “Le polizze”, sottolinea l’a.d. “saranno collocate dal nostro broker Assiteca Spa che dispone di una rete di oltre 500 professionisti in oltre 20 sedi. Sono in corso di definizione accordi con le principali compagnie assicurative che struttureranno le polizze che saranno gestite da Assiteca sim”. La differenza tra i due servizi sarà esclusivamente nel regime: amministrato, nel caso della consulenza e gestito, nel caso delle gestioni patrimoniali e delle polizze; mentre il metodo d’investimento, il value investing, sarà comune a entrambi i servizi.Agnello a capo della rete nascente. Una delle novità in pista di Assiteca sim è la creazione di una piccola rete cf “Marcello Agnello (già direttore commerciale di Millennium sim, n.d.r.) fa parte della nostra squadra dallo scorso 4 luglio”, spiega Russo, “con il ruolo di direttore commerciale avrà il compito di attrarre consulenti abilitati all’offerta fuori sede che possano sposare un modello fortemente indipendente in linea con la Mifid 2.  Il nostro obiettivo è costituire una piccola rete di cf, ne abbiamo cinque consulenti finanziari, che contiamo di arrivare a venti entro fine 2018. Al momento abbiamo due trattative in corso”. A proposito della consulenza a pagamento separata dal collocamento, “La parcella calcolata sul patrimonio conferito è di media dello 0,8% su base annua”, continua l’a.d. di Assiteca sim. “Per le linee di gestione prevediamo invece, a seconda del profilo di rischio, una commissione media dell’1%. Il nostro cliente tipo è da private banking ma con le gestioni patrimoniali l’obiettivo è di attrarre anche clienti di taglio piccolo – sopra i 50mila euro come soglia minimi”. Con l’avvio delle gestioni l’idea è di partecipare a bandi di gare per la gestione di portafogli di grandi investitori istituzionali. Tra consulenza e amministrato il patrimonio affidato dai clienti ad Assiteca sim ammonta a circa 80 milioni di euro, l’obiettivo è raggiungere 200 milioni di euro nei prossimi 24 mesi. Ultimo capitolo l’apertura alla robo advice. “Stiamo guardando con molta curiosità ad alcuni fornitori di algoritmi gestionali che non escludiamo possano in futuro far parte della nostra offerta come robo advisor, a condizione che siano estremamente chiari i metodi di calcolo dell’algoritmo, nonché la valutazione e rischiosità di tali strumenti”, ha concluso Russo.Vuoi ricevere le notizie di Bluerating direttamente nel tuo Inbox? Iscriviti alla nostra newsletter!Blue Financial Communication S.p.A.Sede sociale: Via Melchiorre Gioia 55 - 20124 MilanoIscritta al registro delle imprese di MilanoNumero di iscrizione / P.IVA 11673170152Le foto presenti su www.bluerating.com sono in larga parte prese da internet e quindi valutate di pubblico dominio. Se i soggetti o gli autori avessero qualcosa in contrario alla pubblicazione non avranno che da segnalarlo alla redazione (indirizzo email redazione@bluerating.com) che provvederà alla rimozione delle immagini utilizzate."""
18,"Assiteca: Cda approva ingresso di Tikehau Capital, entra con ...",https://www.adnkronos.com/soldi/economia/2019/08/07/cda-assiteca-approva-ingresso-tikehau-capital_UettbIyUNKgQDmVACT5SnI.html,"7 ago 2019 — Assiteca, il più grande broker assicurativo italiano e quotato al mercato Aim di Borsa Italiana, annuncia la sottoscrizione oggi di un accordo di investimento con ...","Assiteca, il più grande broker assicurativo italiano e quotato al mercato Aim di Borsa Italiana, annuncia la sottoscrizione oggi di un accordo di investimento con Tikehau Capital, alternative asset manager e gruppo d’investimento, che prevede attraverso un’operazione di aumento di capitale riservato l’ingresso di Tikehau nell’azionariato di Assiteca con una partecipazione di minoranza. L’operazione, si legge in una nota, è stata approvata dal Cda di Assiteca che si è tenuto oggi e prevede da parte di Tikehau la sottoscrizione di un aumento di capitale riservato pari a 25 milioni di euro, corrispondente a una quota di minoranza del 23,43% a un prezzo di sottoscrizione pari a 2,50 euro per azione. Il closing dell’operazione sarà finalizzato entro la metà del prossimo mese di novembre.Tikehau è un gruppo di alternative asset management e di investimento indipendente quotato all’Euronext di Parigi con 23,4 miliardi di euro di gestione e un patrimonio netto pari a 3 miliardi di euro al 30 giugno 2019. Tikehau investirà in Assiteca attraverso il fondo di private equity pan europeo del Gruppo, Tikehau Growth Equity II (Tgeii) specializzato in investimenti di minoranza a sostegno della crescita.L’ingresso di Tikehau in Assiteca è finalizzato a dare impulso all’importante progetto di crescita del gruppo, che comprende anche l’acquisizione di imprese terze operanti nel medesimo settore.L’aumento di capitale, e il conseguente ingresso di Tikehau nel nostro azionariato con una quota di minoranza qualificata, sottolinea Luciano Lucca, il presidente di Assiteca, ""consentirà ad Assiteca di proseguire e accelerare il progetto di crescita attraverso acquisizioni mirate, a conferma del proprio ruolo di aggregatore e di campione nazionale sul mercato italiano del brokeraggio assicurativo. Ancora oggi - prosegue Lucca - il nostro mercato è caratterizzato dalla presenza di molte piccole e medie imprese il cui consolidamento rappresenta un’ottima opportunità di sviluppo strategico per Assiteca e per le aziende target"".Assiteca è stata assistita nell’operazione dallo studio legale Gianni, Origoni, Grippo, Cappelli & Partners, nelle persone degli Avvocati Eugenio ed Emanuele Grippo. Tikehau è stata assistita dallo studio legale Gattai, Minoli, Agostinelli & Partners con il team guidato dall’Avv. Bruno Gattai e dall’Avv. Federico Bal."
19,Assiteca compra l'aggregatore 6Sicuro - Economy,https://www.economymag.it/gestire-l-impresa/2020/03/03/news/assiteca-compra-laggregatore-6sicuro-11009/,3 mar 2020 — “Assiteca è sempre stato un innovatore del mercato assicurativo” dichiara il Presidente di Assiteca Luciano Lucca. “Ho lanciato 6Sicuro nel 2000 favorendo la ...,"L’importo convenuto pari a Euro 9,041 milioni sarà corrisposto in un’unica tranche alla girata delle azioni prevista per il prossimo 26 febbraio 2020.“Assiteca è sempre stato un innovatore del mercato assicurativo” dichiara il Presidente di Assiteca Luciano Lucca. “Ho lanciato 6Sicuro nel 2000 favorendo la crescita della trasparenza nel settore e per soddisfare i bisogni emergenti dei consumatori. Oggi 6Sicuro rappresenta lo strumento ideale per sfruttare le potenzialità del digital market, da tutti gli investitori indicato come un segmento in forte sviluppo nel prossimo futuro anche per la vendita di prodotti innovativi, non solo nel settore motor, come l’instant insurance”.Edoardo Loewenthal, attuale socio e Amministratore Delegato di 6Sicuro, che viene confermato nel ruolo, commenta “Il mercato della distribuzione online delle polizze assicurative ha ancora un grande potenziale di crescita: l’ingresso di 6Sicuro nel gruppo Assiteca permetterà di cogliere appieno tutte le opportunità del mercato”.Economy Group srl - Piazza Borromeo 1 - 20123 Milano"
20,ASSITECA SPA INTERNAZIONALE DI BROKERAGGIO ...,https://www.reportaziende.it/assiteca_spa_internazionale_di_brokeraggio_assicurativo,7 mar 2001 — Visualizza GRATIS il fatturato e l'utile/perdita di ASSITECA SPA INTERNAZIONALE DI BROKERAGGIO ASSICURATIVO IN FORMA ABBREVIATA ASSITECA ...,"Naviga tra le classificazioni economiche Ateco per trovare le aziende di tuo interesse.Trova risultati per località geografica: filtra per regione, provincia e città o consulta i dati per macro area.ReportAziende.it è un portale che offre servizi di ricerca ed informazione delle aziende, aventi sede legale sul territorio italiano, il cui fatturato sia o sia stato superiore a 5 milioni di Euro (di seguito anche il “Servizio”).Il tadalafil appartiene a un gruppo di medicinali chiamati inibitori della fosfodiesterasi di tipo 5 usato nel trattamento della disfunzione erettile.  Quali vantaggi nel comprare cialis in pillola-online.com  in Italia? L'acquistare il Cialis 20 mg si può al prezzo a partire dal € 1,12 al € 3,59 per compressa.
Il Servizio è gratuito e disponibile a chiunque acceda al portale, non è richiesta alcuna registrazione né è necessario compilare appositi form per la visualizzazione delle informazioni richieste.

I dati divulgati attraverso il Servizio sono messi a disposizione da Consodata SPA e sono stati qui riordinati ed esposti in modo intuitivo secondo tecniche volte a facilitare la consultazione gratuitamente.
Eventuali utilizzi non conformi alle modalità di fruizione, di seguito indicate, possono configurare violazione del diritto d’autore, ai sensi della Legge 22 aprile 1941 n. 633. Eventuali copie, nonché estratti della banca dati dovranno essere chieste direttamente a Consodata che  provvederà a mettere in contatto l’interessato con un funzionario commerciale.Il tadalafil appartiene a un gruppo di medicinali chiamati inibitori della fosfodiesterasi di tipo 5 usato nel trattamento della disfunzione erettile.  Quali vantaggi nel comprare cialis in pillola-online.com  in Italia? L'acquistare il Cialis 20 mg si può al prezzo a partire dal € 1,12 al € 3,59 per compressa.Ti aiutiamo a valutare l'affidabilità commerciale dei tuoi partner in affari.
            Potrai accedere ad un portale di aziende in cui ti forniamo:Ti aiutiamo a trovare nuovi clienti e nuovi fornitori.
            Potrai accedere ad un database di oltre 6 milioni di aziende attive su cui ti forniamo:SEDE LEGALE E UFFICI COMMERCIALI
            via del Bosco Rinnovato 8, edificio U7
            20057 Assago (MI)
            Fax +39 02 60757060SEDE LEGALE E UFFICI COMMERCIALI
                via del Bosco Rinnovato 8,
                edificio U7
                20057 Assago (MI)

                Fax +39 02 60757060"
21,ASSITECA - BSA | Asefi Brokers,https://www.asefibrokers.com/broker/assiteca-bsa-1,"16 apr 2007 — ASSITECA - BSA. Tipo azienda: SRL. Tipo sede: Secondaria. Indirizzo: Via Martin Luther King, 38/3. Città: Bologna. Provincia: Bologna. Regione: Emilia- ...",
22,Assiteca - uilcalombardia.it,https://uilcalombardia.it/elemento/assiteca/,25 mar 2019 — Convenzione Assiteca. Uilca Lombardia offre ai propri iscritti la possibilità di accedere a servizi e attività a condizioni e prezzi agevolati.,"Chiedi la consulenza gratuita di un BROKER ASSICURATIVO
Abbiamo selezionato PER TE le POLIZZE MIGLIORI per farti risparmiare senza rinunciare alla qualità!AUTO/MOTO: un ventaglio di soluzioni frutto di accordi con primarie Compagnie assicurative.
In alternativa, puoi usufruire del Gruppo di Acquisto «Veicolo Sicuro»: un nuovo modo di assicurare la tua auto, unico sul mercato, con un risparmio di circa 100 euro all’anno rispetto a quanto mediamente offerto dal mercato.In più, per te e i tuoi famigliari conviventi, la possibilità di pagare la polizza in comode rate mensili senza interessi!Chiedi un preventivo gratuito inviando una mail a [email protected]Assiteca SpA – Divisione Affinity e Personal Line
Via Lattuada, 25 -20135 Milano
lunedì -giovedì 9.30:13.00 / 14.00:16.00 ; venerdì 9.30:13.00
Da Milano per tutta Italia!Agenzia delle Entrate-Riscossione: proclamato lo stato di agitazioneAgenzia delle Entrate-Riscossione: proclamato lo stato di agitazione Leggi il seguito… →L’Azienda , a fronte di una sentenza di rara chiarezza ed esaustività , ha comunque ritenuto opportuno fare ricorso ; ebbene, nella giornata del 2 novembre 2020, il Tribunale del Lavoro di Milano ha condannato per la seconda volta Aviva per violazione dell’articolo 28 dello Statuto dei Lavoratori. Leggi il seguito… →NEWS – Covid-19 : comportamenti e misure da adottareNEWS - Covid-19 : comportamenti e misure da adottare Leggi il seguito… →Agenzia delle Entrate-Riscossione: proclamato lo stato di agitazioneAgenzia delle Entrate-Riscossione: proclamato lo stato di agitazione Leggi il seguito… →L’Azienda , a fronte di una sentenza di rara chiarezza ed esaustività , ha comunque ritenuto opportuno fare ricorso ; ebbene, nella giornata del 2 novembre 2020, il Tribunale del Lavoro di Milano ha condannato per la seconda volta Aviva per violazione dell’articolo 28 dello Statuto dei Lavoratori. Leggi il seguito… →NEWS – Covid-19 : comportamenti e misure da adottareNEWS - Covid-19 : comportamenti e misure da adottare Leggi il seguito… →"
23,"Assiteca, dal brokeraggio alla consulenza sulla gestione dei ...",https://www.fortuneita.com/2019/12/05/assiteca-dal-brokeraggio-alla-consulenza-sulla-gestione-dei-rischi-dimpresa/,"5 dic 2019 — Parla Luciano Lucca, presidente Assiteca, gruppo nel mercato del brokeraggio assicurativo che offre anche consulenza per la gestione di rischi d'impresa.","In un mercato strettamente legato a globalizzazione e nuove tecnologie diventa sempre più complicato per le imprese realizzare obiettivi di crescita e penetrazione nel sistema dei rapporti commerciali. Una dimensione che aumenta la complessità dei rischi per le imprese stesse. Assiteca, gruppo italiano nel mercato del brokeraggio assicurativo, nato nel 1982, sviluppa strategie per evitare potenzialmente i rischi. La società, guidata dal presidente Luciano Lucca e dall’amministratore delegato Gabriele Giacoma, ha fatto grandi passi in avanti negli ultimi anni, con una crescita costante in termini economici e imprenditoriali; nel 2015 è anche diventata il primo broker quotato alla Borsa Italiana nel segmento AIM Italia.Settecento milioni di euro di premi intermediati a giugno 2019, oltre 70 milioni di ricavi, oltre 4.500 aziende clienti e più di 5.200 analisi di rischio effettuate per piccole, medie e grandi imprese operanti in ogni settore merceologico: questi solo alcuni numeri. Il percorso di crescita porta oggi Assiteca ad integrare il proprio business di brokeraggio con quello della consulenza sulla gestione dei rischi d’impresa.“La crescita della complessità dei rischi di impresa – dice a Fortune Italia Luciano Lucca, presidente Assiteca -, determinata dalle trasformazioni avvenute negli ultimi anni, ha reso necessario lo sviluppo di nuove competenze in grado di coniugare capacità di analisi, offerta di servizi di consulenza e intermediazione assicurativa. Assiteca – continua Lucca – ha quindi saputo intercettare i nuovi bisogni delle imprese proponendosi come partner capace di affiancarle e supportarle nei percorsi di crescita organizzativa per il raggiungimento dei target desiderati nei diversi ambiti aziendali”.Ma cosa significa gestire i rischi di un’impresa? “La consulenza per la gestione integrata dei rischi – afferma Luciano Lucca – deve anzitutto prevedere una prima fase dedicata all’analisi dei rischi aziendali per poter mappare correttamente il loro impatto, identificare le principali aree critiche e le priorità di intervento, valutare e attuare tutte le possibili attività di prevenzione e mitigazione e, al termine di questo percorso, proporre le migliori coperture per poter trasferire il rischio residuo al mercato assicurativo”.Una recente ricerca realizzata da Cineas e dall’Ufficio Studi di Mediobanca certifica che le imprese che adottano strategie di Risk Management hanno migliori performance economiche: +20% ROI (return on investment). Per questo Assiteca si affianca al cliente concentrandosi sull’evoluzione del mercato, sulla gestione dei cambiamenti normativi e le soluzioni innovative. Le condizioni di rischio si traducono spesso in ottime opportunità: “Per le imprese – dice Lucca – gestire i rischi vuole dire anche identificare le aree di miglioramento della competitività aziendale stessa. Gestendo l’accezione negativa dovuta principalmente all’imprevedibilità, il rischio può diventare anche occasione di profitto”.Assiteca ha inoltre da poco siglato un accordo con Tikehau Capital che investe con una quota di minoranza del 23,43% per dare impulso al progetto di crescita del broker. “Una partnership – continua Lucca – che consentirà all’azienda di rafforzarsi, portando il proprio patrimonio a oltre 50 milioni di Euro, e di accelerare il progetto di crescita attraverso acquisizioni mirate”.Acquista Fortune in formato digitale per leggere i nostri contenuti su qualsiasi dispositivo.Abbonati per ricevere dove preferisci ogni nuova uscita della versione cartacea di Fortune.Iscriviti alla nostra newsletter per ricevere la migliore selezione degli articoli di Fortune.FORTUNE © è un marchio di FORTUNE MEDIA IP LIMITED utilizzato sotto licenza"
24,Assiteca - ANPAS Associazione Nazionale Pubbliche ...,https://www.anpas.org/46-utilita-gen/convenzioni/596-assiteca.html,"24 gen 2012 — Anpas ha scelto Assiteca, uno dei principali gruppi di brokeraggio assicurativo italiani, per offrire alle Pubbliche Assistenze e alle Organizzazioni di Volontariato ...","sede nazionale | comitati regionali | pubbliche assistenze | mappa sedi | english versionAnpas ha scelto Assiteca, uno dei principali gruppi di brokeraggio assicurativo italiani, per offrire alle Pubbliche Assistenze e alle Organizzazioni di Volontariato prodotti assicurativi innovativi e completi a tutela dei volontari e dei tesserati.Assiteca, presente su tutto il territorio nazionale con 26 sedi, ha maturato una lunga esperienza nel settore delle associazioni e del volontariato, riuscendo a offrire soluzioni personalizzate e un servizio di assistenza a 360°.ECCO LE PROPOSTE STUDIATE DA ASSITECA PER ANPAS A CONDIZIONI ECONOMICHE ESCLUSIVEASSICURAZIONE BASE  INFORTUNI E R.C.T. PER OPERATORI VOLONTARI OBBLIGATORIA AI SENSI DI LEGGEGarantisce le prestazioni:•    Infortuni Caso Morte•    Caso Invalidità Permanente da infortunio•    Indennità giornaliera da ricovero a seguito di Infortunio o Malattia•   Responsabilità Civile verso Terzi per gli eventi occorsi durante l'espletamento delle attività inerenti il servizio di Volontariato individuato negli statuti delle P.A. e Organizzazioni di Volontariato (nell'osservanza della Legge n. 266 11/8/91 e successivo D.M. del 14/2/92 nr. 44.)ATTIVARE LA POLIZZA È SEMPLICE ED ECONOMICO:  BASTANO 2,05 EURO IN PIÙ SULLA TESSERA ANPAS!c’è la possibilità di  sottoscrivere anche una speciale polizza integrativa, per tutelare al meglio le attività dei volontari ANPAS:INFORTUNI E R.C.T. PER OPERATORI VOLONTARIVengono proposte 6 fasce distinte: Integrativa ""A"" - Integrativa ""B"" - Integrativa ""C"" - Integrativa ""D"" - Integrativa ""E"" - Integrativa ""F"" che arricchiscono i capitali e i massimali previsti con la polizza base.Le Formule ""B"", ""C"", ""D"", ""E"", ""F"" prevedono la garanzia Rimborso Spese Mediche da Infortunio ed in aggiunta la possibilità di abbinare garanzie Facoltative come Indennità giornaliera extra-ricovero, Rischio Itinere, Contagio Accidentale da HIVI premi assicurativi per la polizza integrativa partono da € 25,00 annuiAttenzione: NON SERVE sottoscrivere l'assicurazione integrativa per TUTTI i volontari della PA ma ESCLUSIVAMENTE per il numero massimo di volontari impegnati in ogni turnoCOME ADERIRE: Scarica il modulo per la richiesta delle polizze integrative (QUI) per richiedere le coperture integrativeSe vuoi ricevere maggiori informazioni e scoprire tutte le coperture che puoi sottoscrivere per tutelarti al meglio, visita il nostro sito o inviaci una mail a Questo indirizzo email è protetto dagli spambots. È necessario abilitare JavaScript per vederlo.Scopri anche gli sconti riservati ai volontari e ai soci ANPAS per l’assicurazione auto grazie alla partnership con Zurich Connect!• 5% di sconto sulla tariffa di RC Auto• 7% di sconto sulle garanzie Furto e Incendio, Infortuni del conducente, Ritiro patente.METTI ALLA PROVA LA CONVENIENZA DI ZURICH CONNECT!Fai un preventivo:• chiama il numero 848.585.032 oppure sul sito http://www.zurich-connect.it/ inserendo il codice ""ANPAS11"" nella casella ""codice convenzione""Zurich Connect è il marchio di Zuritel S.p.A., l’assicurazione telefonica e online del gruppo Zurich,  gruppo assicurativo dal 1872 sinonimo di esperienza e serietà a livello mondiale.Per informazioni:ASSITECA S.p.A. – Filiale di FirenzeVia Maragliano 64 – 50144 FirenzeTel. 055 333060– Fax 055 331341Questo indirizzo email è protetto dagli spambots. È necessario abilitare JavaScript per vederlo. – www.assiteca.itCome aderire Scarica il modulo per la richiesta delle polizze integrative QUIContatta Questo indirizzo email è protetto dagli spambots. È necessario abilitare JavaScript per vederlo.ASSITECA S.p.A. – Filiale di FirenzeVia Maragliano 64 – 50144 FirenzeTel. 055 333060– Fax 055 331341www.assiteca.it Questo indirizzo email è protetto dagli spambots. È necessario abilitare JavaScript per vederlo.L’Associazione Nazionale Pubbliche Assistenzeè una organizzazione laica,fatta da volontari che, ogni giorno,costruiscono una società più giusta e solidaleattraverso lo sviluppo di una cultura della solidarietà e dei diritti e la creazione di comunità solidali in Italia e all’esteroANPAS IN NUMERI 89789 volontari, 351036 soci, 3171 dipedenti, più di 2000 volontari in servizio civile, 880 pubbliche assistenze, 7135 mezzi, 118 piazze Io non rischio, 9 progetti di cooperazione in 7 paesi del mondo, 843 ragazzi in 27 campi scuola Anch’io sono la protezione civileAssociazione Nazionale Pubbliche AssistenzeVia Pio Fedi, 46/48 Firenzeemail segreteria@anpas.org tel +39055303821 Codice fiscale 01435670482iscriviti alla newsletter Anpas Informasocial media policy Anpas | facebook | twitter | youtube | instagram | flickrCHI SIAMOvolontaripubbliche assistenzevalori, missione e visionestoriabilancioorganigrammale retiCOSA FACCIAMOsociale e sanitarioprotezione civileservizio civileformazioneinternazionalevolontariato e vacanzeprogettazioneculturagiovaniCOSA PUOI FARE TUdiventa volontariotesseramentodona oracinque per millegadgetaziendeassociazioni: aderisci ad AnpasSu questo sito usiamo cookies per migliorare la tua esperienza di navigazione. Questi cookies sono essenziali per le funzionalità del sito. To find out more about the cookies we use and how to delete them, see our privacy policy. I accept cookies from this site."
25,Azioni Assiteca - Analisi Tecnica - Il commento dell'Esperto ...,https://www.teleborsa.it/azioni/assiteca-assi-it0001012639-SVQwMDAxMDEyNjM5/analisi?tab=2,"15 ore fa — Analisi Assiteca ASSI - IT0001012639: Il commento dell'Esperto. Analisi tecnica dettagliata, andamento nel tempo, resistenza, analisi fondamentale, prezzo, ...","Dati differiti di almeno 15 minuti. 
        Fonte dati: mercato di riferimento.Brilla Assiteca, chiudendo la seduta con un aumento del 3,35%. I primi passi sono stati all'insegna della neutralità per il titolo, che si è poi mosso lateralmente per tutta la sessione, prima di rafforzarsi ed ultimare la riunione a 2,09 sul prezzo migliore. Lo scenario su base settimanale di Assiteca rileva un allentamento della curva rispetto alla forza espressa dal FTSE MIB. Tale ripiegamento potrebbe rendere il titolo oggetto di vendite da parte degli operatori.Il quadro tecnico di breve periodo di Assiteca mostra un'accelerazione al rialzo della curva con target individuato a 2,113. Rischio di discesa fino a 2,053 che non pregiudicherà la buona salute del trend corrente ma che rappresenta una correzione temporanea. Le attese sono per un'estensione della trendline rialzista verso quota 2,173.La rischiosità di Assiteca risulta essere piuttosto elevata a conferma dell'elevato scostamento esistente tra i prezzi nell'ultimo periodo. L'investimento appare dunque appropriato a coloro che, consapevoli del rischio di ingenti perdite, propendono per elevati guadagni. I volumi giornalieri risultano sotto tono a 150, inferiori dunque alla media mobile dei volumi ad un mese pari a 2.592."
